date,cod_distrito,distrito,cod_barrio,barrio,Gender,Number
2018,1,Centro,1,Centro,hombres,66320
2018,1,Centro,1,Centro,mujeres,66032
2018,1,Centro,11,Palacio,hombres,10978
2018,1,Centro,11,Palacio,mujeres,11537
2018,1,Centro,12,Embajadores,hombres,23031
2018,1,Centro,12,Embajadores,mujeres,21599
2018,1,Centro,13,Cortes,hombres,5265
2018,1,Centro,13,Cortes,mujeres,5266
2018,1,Centro,14,Justicia,hombres,8334
2018,1,Centro,14,Justicia,mujeres,8244
2018,1,Centro,15,Universidad,hombres,15040
2018,1,Centro,15,Universidad,mujeres,15857
2018,1,Centro,16,Sol,hombres,3672
2018,1,Centro,16,Sol,mujeres,3529
2018,2,Arganzuela,2,Arganzuela,hombres,71039
2018,2,Arganzuela,2,Arganzuela,mujeres,81868
2018,2,Arganzuela,21,Imperial,hombres,10531
2018,2,Arganzuela,21,Imperial,mujeres,12188
2018,2,Arganzuela,22,Acacias,hombres,16926
2018,2,Arganzuela,22,Acacias,mujeres,19825
2018,2,Arganzuela,23,Chopera,hombres,8919
2018,2,Arganzuela,23,Chopera,mujeres,10880
2018,2,Arganzuela,24,Legazpi,hombres,9446
2018,2,Arganzuela,24,Legazpi,mujeres,9806
2018,2,Arganzuela,25,Delicias,hombres,12736
2018,2,Arganzuela,25,Delicias,mujeres,14737
2018,2,Arganzuela,26,PalosdeMoguer,hombres,11919
2018,2,Arganzuela,26,PalosdeMoguer,mujeres,13829
2018,2,Arganzuela,27,Atocha,hombres,562
2018,2,Arganzuela,27,Atocha,mujeres,603
2018,3,Retiro,3,Retiro,hombres,53863
2018,3,Retiro,3,Retiro,mujeres,65148
2018,3,Retiro,31,Pacífico,hombres,15000
2018,3,Retiro,31,Pacífico,mujeres,18601
2018,3,Retiro,32,Adelfas,hombres,8427
2018,3,Retiro,32,Adelfas,mujeres,9918
2018,3,Retiro,33,Estrella,hombres,10796
2018,3,Retiro,33,Estrella,mujeres,12442
2018,3,Retiro,34,Ibiza,hombres,9384
2018,3,Retiro,34,Ibiza,mujeres,12088
2018,3,Retiro,35,LosJerónimos,hombres,3315
2018,3,Retiro,35,LosJerónimos,mujeres,3760
2018,3,Retiro,36,NiñoJesús,hombres,6941
2018,3,Retiro,36,NiñoJesús,mujeres,8339
2018,4,Salamanca,4,Salamanca,hombres,63940
2018,4,Salamanca,4,Salamanca,mujeres,81328
2018,4,Salamanca,41,Recoletos,hombres,7091
2018,4,Salamanca,41,Recoletos,mujeres,8665
2018,4,Salamanca,42,Goya,hombres,12812
2018,4,Salamanca,42,Goya,mujeres,16792
2018,4,Salamanca,43,FuentedelBerro,hombres,9043
2018,4,Salamanca,43,FuentedelBerro,mujeres,11704
2018,4,Salamanca,44,Guindalera,hombres,18570
2018,4,Salamanca,44,Guindalera,mujeres,22689
2018,4,Salamanca,45,Lista,hombres,9023
2018,4,Salamanca,45,Lista,mujeres,11933
2018,4,Salamanca,46,Castellana,hombres,7401
2018,4,Salamanca,46,Castellana,mujeres,9545
2018,5,Chamartín,5,Chamartín,hombres,65144
2018,5,Chamartín,5,Chamartín,mujeres,79750
2018,5,Chamartín,51,ElViso,hombres,7764
2018,5,Chamartín,51,ElViso,mujeres,9381
2018,5,Chamartín,52,Prosperidad,hombres,16302
2018,5,Chamartín,52,Prosperidad,mujeres,20220
2018,5,Chamartín,53,CiudadJardín,hombres,8146
2018,5,Chamartín,53,CiudadJardín,mujeres,10341
2018,5,Chamartín,54,Hispanoamérica,hombres,14006
2018,5,Chamartín,54,Hispanoamérica,mujeres,17367
2018,5,Chamartín,55,NuevaEspaña,hombres,11124
2018,5,Chamartín,55,NuevaEspaña,mujeres,13372
2018,5,Chamartín,56,Castilla,hombres,7802
2018,5,Chamartín,56,Castilla,mujeres,9069
2018,6,Tetuán,6,Tetuán,hombres,70725
2018,6,Tetuán,6,Tetuán,mujeres,85242
2018,6,Tetuán,61,BellasVistas,hombres,13056
2018,6,Tetuán,61,BellasVistas,mujeres,15694
2018,6,Tetuán,62,CuatroCaminos,hombres,15458
2018,6,Tetuán,62,CuatroCaminos,mujeres,18796
2018,6,Tetuán,63,Castillejos,hombres,9209
2018,6,Tetuán,63,Castillejos,mujeres,11154
2018,6,Tetuán,64,Almenara,hombres,10209
2018,6,Tetuán,64,Almenara,mujeres,12212
2018,6,Tetuán,65,Valdeacederas,hombres,11835
2018,6,Tetuán,65,Valdeacederas,mujeres,13736
2018,6,Tetuán,66,Berruguete,hombres,10958
2018,6,Tetuán,66,Berruguete,mujeres,13650
2018,7,Chamberí,7,Chamberí,hombres,60825
2018,7,Chamberí,7,Chamberí,mujeres,77593
2018,7,Chamberí,71,Gaztambide,hombres,9929
2018,7,Chamberí,71,Gaztambide,mujeres,12737
2018,7,Chamberí,72,Arapiles,hombres,10792
2018,7,Chamberí,72,Arapiles,mujeres,13543
2018,7,Chamberí,73,Trafalgar,hombres,10922
2018,7,Chamberí,73,Trafalgar,mujeres,13601
2018,7,Chamberí,74,Almagro,hombres,8737
2018,7,Chamberí,74,Almagro,mujeres,11062
2018,7,Chamberí,75,RíosRosas,hombres,11820
2018,7,Chamberí,75,RíosRosas,mujeres,15229
2018,7,Chamberí,76,Vallehermoso,hombres,8625
2018,7,Chamberí,76,Vallehermoso,mujeres,11421
2018,8,Fuencarral-El Pardo,8,Fuencarral-ElPardo,hombres,114433
2018,8,Fuencarral-El Pardo,8,Fuencarral-ElPardo,mujeres,128495
2018,8,Fuencarral-El Pardo,81,ElPardo,hombres,1689
2018,8,Fuencarral-El Pardo,81,ElPardo,mujeres,1767
2018,8,Fuencarral-El Pardo,82,Fuentelarreina,hombres,1437
2018,8,Fuencarral-El Pardo,82,Fuentelarreina,mujeres,1797
2018,8,Fuencarral-El Pardo,83,Peñagrande,hombres,20719
2018,8,Fuencarral-El Pardo,83,Peñagrande,mujeres,23693
2018,8,Fuencarral-El Pardo,84,Pilar,hombres,21107
2018,8,Fuencarral-El Pardo,84,Pilar,mujeres,24987
2018,8,Fuencarral-El Pardo,85,LaPaz,hombres,15826
2018,8,Fuencarral-El Pardo,85,LaPaz,mujeres,17957
2018,8,Fuencarral-El Pardo,86,Valverde,hombres,29476
2018,8,Fuencarral-El Pardo,86,Valverde,mujeres,32465
2018,8,Fuencarral-El Pardo,87,Mirasierra,hombres,15329
2018,8,Fuencarral-El Pardo,87,Mirasierra,mujeres,16729
2018,8,Fuencarral-El Pardo,88,ElGoloso,hombres,8850
2018,8,Fuencarral-El Pardo,88,ElGoloso,mujeres,9100
2018,9,Moncloa-Aravaca,9,Moncloa-Aravaca,hombres,54243
2018,9,Moncloa-Aravaca,9,Moncloa-Aravaca,mujeres,63592
2018,9,Moncloa-Aravaca,91,CasadeCampo,hombres,5935
2018,9,Moncloa-Aravaca,91,CasadeCampo,mujeres,6965
2018,9,Moncloa-Aravaca,92,Argüelles,hombres,10890
2018,9,Moncloa-Aravaca,92,Argüelles,mujeres,13102
2018,9,Moncloa-Aravaca,93,CiudadUniversitaria,hombres,7314
2018,9,Moncloa-Aravaca,93,CiudadUniversitaria,mujeres,8783
2018,9,Moncloa-Aravaca,94,Valdezarza,hombres,13458
2018,9,Moncloa-Aravaca,94,Valdezarza,mujeres,15960
2018,9,Moncloa-Aravaca,95,Valdemarín,hombres,3018
2018,9,Moncloa-Aravaca,95,Valdemarín,mujeres,3542
2018,9,Moncloa-Aravaca,96,ElPlantío,hombres,1287
2018,9,Moncloa-Aravaca,96,ElPlantío,mujeres,1433
2018,9,Moncloa-Aravaca,97,Aravaca,hombres,12341
2018,9,Moncloa-Aravaca,97,Aravaca,mujeres,13807
2018,10,Latina,10,Latina,hombres,109392
2018,10,Latina,10,Latina,mujeres,126393
2018,10,Latina,101,LosCármenes,hombres,8102
2018,10,Latina,101,LosCármenes,mujeres,9090
2018,10,Latina,102,PuertadelÁngel,hombres,19061
2018,10,Latina,102,PuertadelÁngel,mujeres,22336
2018,10,Latina,103,Lucero,hombres,16491
2018,10,Latina,103,Lucero,mujeres,18997
2018,10,Latina,104,Aluche,hombres,30254
2018,10,Latina,104,Aluche,mujeres,35707
2018,10,Latina,105,Campamento,hombres,8828
2018,10,Latina,105,Campamento,mujeres,10155
2018,10,Latina,106,CuatroVientos,hombres,2870
2018,10,Latina,106,CuatroVientos,mujeres,2792
2018,10,Latina,107,Águilas,hombres,23786
2018,10,Latina,107,Águilas,mujeres,27316
2018,11,Carabanchel,11,Carabanchel,hombres,115525
2018,11,Carabanchel,11,Carabanchel,mujeres,132695
2018,11,Carabanchel,111,Comillas,hombres,10164
2018,11,Carabanchel,111,Comillas,mujeres,12084
2018,11,Carabanchel,112,Opañel,hombres,14796
2018,11,Carabanchel,112,Opañel,mujeres,17696
2018,11,Carabanchel,113,SanIsidro,hombres,17967
2018,11,Carabanchel,113,SanIsidro,mujeres,20587
2018,11,Carabanchel,114,VistaAlegre,hombres,20480
2018,11,Carabanchel,114,VistaAlegre,mujeres,24528
2018,11,Carabanchel,115,PuertaBonita,hombres,15942
2018,11,Carabanchel,115,PuertaBonita,mujeres,17991
2018,11,Carabanchel,116,Buenavista,hombres,22332
2018,11,Carabanchel,116,Buenavista,mujeres,23884
2018,11,Carabanchel,117,Abrantes,hombres,13844
2018,11,Carabanchel,117,Abrantes,mujeres,15925
2018,12,Usera,12,Usera,hombres,64582
2018,12,Usera,12,Usera,mujeres,72396
2018,12,Usera,121,Orcasitas,hombres,10634
2018,12,Usera,121,Orcasitas,mujeres,11921
2018,12,Usera,122,Orcasur,hombres,6576
2018,12,Usera,122,Orcasur,mujeres,6996
2018,12,Usera,123,SanFermín,hombres,11111
2018,12,Usera,123,SanFermín,mujeres,12098
2018,12,Usera,124,Almendrales,hombres,9824
2018,12,Usera,124,Almendrales,mujeres,11162
2018,12,Usera,125,Moscardó,hombres,11971
2018,12,Usera,125,Moscardó,mujeres,13755
2018,12,Usera,126,Zofío,hombres,6371
2018,12,Usera,126,Zofío,mujeres,7326
2018,12,Usera,127,Pradolongo,hombres,8095
2018,12,Usera,127,Pradolongo,mujeres,9138
2018,13,Puente de Vallecas,13,PuentedeVallecas,hombres,109044
2018,13,Puente de Vallecas,13,PuentedeVallecas,mujeres,121444
2018,13,Puente de Vallecas,131,Entrevías,hombres,16314
2018,13,Puente de Vallecas,131,Entrevías,mujeres,17672
2018,13,Puente de Vallecas,132,SanDiego,hombres,19037
2018,13,Puente de Vallecas,132,SanDiego,mujeres,21230
2018,13,Puente de Vallecas,133,PalomerasBajas,hombres,18614
2018,13,Puente de Vallecas,133,PalomerasBajas,mujeres,21055
2018,13,Puente de Vallecas,134,PalomerasSureste,hombres,20115
2018,13,Puente de Vallecas,134,PalomerasSureste,mujeres,22005
2018,13,Puente de Vallecas,135,Portazgo,hombres,13033
2018,13,Puente de Vallecas,135,Portazgo,mujeres,14875
2018,13,Puente de Vallecas,136,Numancia,hombres,21931
2018,13,Puente de Vallecas,136,Numancia,mujeres,24607
2018,14,Moratalaz,14,Moratalaz,hombres,43203
2018,14,Moratalaz,14,Moratalaz,mujeres,51058
2018,14,Moratalaz,141,Pavones,hombres,4174
2018,14,Moratalaz,141,Pavones,mujeres,4907
2018,14,Moratalaz,142,Horcajo,hombres,3031
2018,14,Moratalaz,142,Horcajo,mujeres,3295
2018,14,Moratalaz,143,Marroquina,hombres,12742
2018,14,Moratalaz,143,Marroquina,mujeres,14636
2018,14,Moratalaz,144,MediaLegua,hombres,8090
2018,14,Moratalaz,144,MediaLegua,mujeres,9667
2018,14,Moratalaz,145,Fontarrón,hombres,7730
2018,14,Moratalaz,145,Fontarrón,mujeres,9172
2018,14,Moratalaz,146,Vinateros,hombres,7436
2018,14,Moratalaz,146,Vinateros,mujeres,9381
2018,15,Ciudad Lineal,15,CiudadLineal,hombres,97301
2018,15,Ciudad Lineal,15,CiudadLineal,mujeres,117162
2018,15,Ciudad Lineal,151,Ventas,hombres,21405
2018,15,Ciudad Lineal,151,Ventas,mujeres,26339
2018,15,Ciudad Lineal,152,PuebloNuevo,hombres,28300
2018,15,Ciudad Lineal,152,PuebloNuevo,mujeres,32860
2018,15,Ciudad Lineal,153,Quintana,hombres,10743
2018,15,Ciudad Lineal,153,Quintana,mujeres,13630
2018,15,Ciudad Lineal,154,Concepción,hombres,9181
2018,15,Ciudad Lineal,154,Concepción,mujeres,11622
2018,15,Ciudad Lineal,155,SanPascual,hombres,8100
2018,15,Ciudad Lineal,155,SanPascual,mujeres,9968
2018,15,Ciudad Lineal,156,SanJuanBautista,hombres,5782
2018,15,Ciudad Lineal,156,SanJuanBautista,mujeres,6651
2018,15,Ciudad Lineal,157,Colina,hombres,2835
2018,15,Ciudad Lineal,157,Colina,mujeres,3453
2018,15,Ciudad Lineal,158,Atalaya,hombres,656
2018,15,Ciudad Lineal,158,Atalaya,mujeres,919
2018,15,Ciudad Lineal,159,Costillares,hombres,10299
2018,15,Ciudad Lineal,159,Costillares,mujeres,11720
2018,16,Hortaleza,16,Hortaleza,hombres,87338
2018,16,Hortaleza,16,Hortaleza,mujeres,96592
2018,16,Hortaleza,161,Palomas,hombres,3292
2018,16,Hortaleza,161,Palomas,mujeres,3446
2018,16,Hortaleza,162,Piovera,hombres,7042
2018,16,Hortaleza,162,Piovera,mujeres,7681
2018,16,Hortaleza,163,Canillas,hombres,18933
2018,16,Hortaleza,163,Canillas,mujeres,21694
2018,16,Hortaleza,164,PinardelRey,hombres,24119
2018,16,Hortaleza,164,PinardelRey,mujeres,28155
2018,16,Hortaleza,165,ApóstolSantiago,hombres,7250
2018,16,Hortaleza,165,ApóstolSantiago,mujeres,8021
2018,16,Hortaleza,166,Valdefuentes,hombres,26702
2018,16,Hortaleza,166,Valdefuentes,mujeres,27595
2018,17,Villaverde,17,Villaverde,hombres,69552
2018,17,Villaverde,17,Villaverde,mujeres,75971
2018,17,Villaverde,171,"VillaverdeAlto,CascoHistóricodeVillaverde",hombres,21139
2018,17,Villaverde,171,"VillaverdeAlto,CascoHistóricodeVillaverde",mujeres,23160
2018,17,Villaverde,172,SanCristóbal,hombres,7527
2018,17,Villaverde,172,SanCristóbal,mujeres,7971
2018,17,Villaverde,173,Butarque,hombres,8859
2018,17,Villaverde,173,Butarque,mujeres,9409
2018,17,Villaverde,174,LosRosales,hombres,17874
2018,17,Villaverde,174,LosRosales,mujeres,19101
2018,17,Villaverde,175,Ángeles,hombres,14153
2018,17,Villaverde,175,Ángeles,mujeres,16330
2018,18,Villa de Vallecas,18,VilladeVallecas,hombres,52352
2018,18,Villa de Vallecas,18,VilladeVallecas,mujeres,55297
2018,18,Villa de Vallecas,181,CascoHistóricodeVallecas,hombres,19128
2018,18,Villa de Vallecas,181,CascoHistóricodeVallecas,mujeres,20612
2018,18,Villa de Vallecas,182,SantaEugenia,hombres,11672
2018,18,Villa de Vallecas,182,SantaEugenia,mujeres,12623
2018,18,Villa de Vallecas,183,EnsanchedeVallecas,hombres,21552
2018,18,Villa de Vallecas,183,EnsanchedeVallecas,mujeres,22062
2018,19,Vicálvaro,19,Vicálvaro,hombres,34461
2018,19,Vicálvaro,19,Vicálvaro,mujeres,36501
2018,19,Vicálvaro,191,CascoHistóricodeVicálvaro,hombres,16585
2018,19,Vicálvaro,191,CascoHistóricodeVicálvaro,mujeres,17615
2018,19,Vicálvaro,192,Valdebernardo,hombres,8434
2018,19,Vicálvaro,192,Valdebernardo,mujeres,9203
2018,19,Vicálvaro,193,Valderrivas,hombres,8952
2018,19,Vicálvaro,193,Valderrivas,mujeres,9228
2018,19,Vicálvaro,194,ElCañaveral,hombres,490
2018,19,Vicálvaro,194,ElCañaveral,mujeres,455
2018,20,San Blas-Canillejas,20,SanBlas-Canillejas,hombres,73922
2018,20,San Blas-Canillejas,20,SanBlas-Canillejas,mujeres,82227
2018,20,San Blas-Canillejas,201,Simancas,hombres,12851
2018,20,San Blas-Canillejas,201,Simancas,mujeres,14391
2018,20,San Blas-Canillejas,202,Hellín,hombres,4093
2018,20,San Blas-Canillejas,202,Hellín,mujeres,4848
2018,20,San Blas-Canillejas,203,Amposta,hombres,3851
2018,20,San Blas-Canillejas,203,Amposta,mujeres,4495
2018,20,San Blas-Canillejas,204,Arcos,hombres,11203
2018,20,San Blas-Canillejas,204,Arcos,mujeres,12736
2018,20,San Blas-Canillejas,205,Rosas,hombres,15197
2018,20,San Blas-Canillejas,205,Rosas,mujeres,16363
2018,20,San Blas-Canillejas,206,Rejas,hombres,8008
2018,20,San Blas-Canillejas,206,Rejas,mujeres,8307
2018,20,San Blas-Canillejas,207,Canillejas,hombres,13371
2018,20,San Blas-Canillejas,207,Canillejas,mujeres,15148
2018,20,San Blas-Canillejas,208,ElSalvador,hombres,5348
2018,20,San Blas-Canillejas,208,ElSalvador,mujeres,5939
2018,21,Barajas,21,Barajas,hombres,23136
2018,21,Barajas,21,Barajas,mujeres,24700
2018,21,Barajas,211,AlamedadeOsuna,hombres,9356
2018,21,Barajas,211,AlamedadeOsuna,mujeres,10090
2018,21,Barajas,212,Aeropuerto,hombres,922
2018,21,Barajas,212,Aeropuerto,mujeres,872
2018,21,Barajas,213,CascoHistóricodeBarajas,hombres,3550
2018,21,Barajas,213,CascoHistóricodeBarajas,mujeres,3786
2018,21,Barajas,214,Timón,hombres,5651
2018,21,Barajas,214,Timón,mujeres,6099
2018,21,Barajas,215,Corralejos,hombres,3657
2018,21,Barajas,215,Corralejos,mujeres,3853
2019,1,Centro,1,Centro,hombres,67829
2019,1,Centro,1,Centro,mujeres,67052
2019,1,Centro,11,Palacio,hombres,11213
2019,1,Centro,11,Palacio,mujeres,11710
2019,1,Centro,12,Embajadores,hombres,23390
2019,1,Centro,12,Embajadores,mujeres,21869
2019,1,Centro,13,Cortes,hombres,5235
2019,1,Centro,13,Cortes,mujeres,5249
2019,1,Centro,14,Justicia,hombres,8675
2019,1,Centro,14,Justicia,mujeres,8478
2019,1,Centro,15,Universidad,hombres,15567
2019,1,Centro,15,Universidad,mujeres,16158
2019,1,Centro,16,Sol,hombres,3749
2019,1,Centro,16,Sol,mujeres,3588
2019,2,Arganzuela,2,Arganzuela,hombres,71631
2019,2,Arganzuela,2,Arganzuela,mujeres,82199
2019,2,Arganzuela,21,Imperial,hombres,10543
2019,2,Arganzuela,21,Imperial,mujeres,12223
2019,2,Arganzuela,22,Acacias,hombres,16943
2019,2,Arganzuela,22,Acacias,mujeres,19842
2019,2,Arganzuela,23,Chopera,hombres,9064
2019,2,Arganzuela,23,Chopera,mujeres,10929
2019,2,Arganzuela,24,Legazpi,hombres,9629
2019,2,Arganzuela,24,Legazpi,mujeres,10023
2019,2,Arganzuela,25,Delicias,hombres,12880
2019,2,Arganzuela,25,Delicias,mujeres,14778
2019,2,Arganzuela,26,PalosdeMoguer,hombres,11999
2019,2,Arganzuela,26,PalosdeMoguer,mujeres,13802
2019,2,Arganzuela,27,Atocha,hombres,573
2019,2,Arganzuela,27,Atocha,mujeres,602
2019,3,Retiro,3,Retiro,hombres,54098
2019,3,Retiro,3,Retiro,mujeres,65281
2019,3,Retiro,31,Pacífico,hombres,14992
2019,3,Retiro,31,Pacífico,mujeres,18579
2019,3,Retiro,32,Adelfas,hombres,8532
2019,3,Retiro,32,Adelfas,mujeres,9942
2019,3,Retiro,33,Estrella,hombres,10798
2019,3,Retiro,33,Estrella,mujeres,12508
2019,3,Retiro,34,Ibiza,hombres,9517
2019,3,Retiro,34,Ibiza,mujeres,12129
2019,3,Retiro,35,LosJerónimos,hombres,3285
2019,3,Retiro,35,LosJerónimos,mujeres,3754
2019,3,Retiro,36,NiñoJesús,hombres,6974
2019,3,Retiro,36,NiñoJesús,mujeres,8369
2019,4,Salamanca,4,Salamanca,hombres,64395
2019,4,Salamanca,4,Salamanca,mujeres,81753
2019,4,Salamanca,41,Recoletos,hombres,7074
2019,4,Salamanca,41,Recoletos,mujeres,8660
2019,4,Salamanca,42,Goya,hombres,12836
2019,4,Salamanca,42,Goya,mujeres,16813
2019,4,Salamanca,43,FuentedelBerro,hombres,9197
2019,4,Salamanca,43,FuentedelBerro,mujeres,11874
2019,4,Salamanca,44,Guindalera,hombres,18809
2019,4,Salamanca,44,Guindalera,mujeres,22800
2019,4,Salamanca,45,Lista,hombres,9040
2019,4,Salamanca,45,Lista,mujeres,11921
2019,4,Salamanca,46,Castellana,hombres,7439
2019,4,Salamanca,46,Castellana,mujeres,9685
2019,5,Chamartín,5,Chamartín,hombres,65565
2019,5,Chamartín,5,Chamartín,mujeres,80300
2019,5,Chamartín,51,ElViso,hombres,7783
2019,5,Chamartín,51,ElViso,mujeres,9519
2019,5,Chamartín,52,Prosperidad,hombres,16374
2019,5,Chamartín,52,Prosperidad,mujeres,20277
2019,5,Chamartín,53,CiudadJardín,hombres,8233
2019,5,Chamartín,53,CiudadJardín,mujeres,10409
2019,5,Chamartín,54,Hispanoamérica,hombres,14218
2019,5,Chamartín,54,Hispanoamérica,mujeres,17515
2019,5,Chamartín,55,NuevaEspaña,hombres,11166
2019,5,Chamartín,55,NuevaEspaña,mujeres,13491
2019,5,Chamartín,56,Castilla,hombres,7791
2019,5,Chamartín,56,Castilla,mujeres,9089
2019,6,Tetuán,6,Tetuán,hombres,71632
2019,6,Tetuán,6,Tetuán,mujeres,86305
2019,6,Tetuán,61,BellasVistas,hombres,13292
2019,6,Tetuán,61,BellasVistas,mujeres,15854
2019,6,Tetuán,62,CuatroCaminos,hombres,15580
2019,6,Tetuán,62,CuatroCaminos,mujeres,19028
2019,6,Tetuán,63,Castillejos,hombres,9201
2019,6,Tetuán,63,Castillejos,mujeres,11312
2019,6,Tetuán,64,Almenara,hombres,10314
2019,6,Tetuán,64,Almenara,mujeres,12328
2019,6,Tetuán,65,Valdeacederas,hombres,12082
2019,6,Tetuán,65,Valdeacederas,mujeres,13939
2019,6,Tetuán,66,Berruguete,hombres,11163
2019,6,Tetuán,66,Berruguete,mujeres,13844
2019,7,Chamberí,7,Chamberí,hombres,61308
2019,7,Chamberí,7,Chamberí,mujeres,78140
2019,7,Chamberí,71,Gaztambide,hombres,10062
2019,7,Chamberí,71,Gaztambide,mujeres,12829
2019,7,Chamberí,72,Arapiles,hombres,10888
2019,7,Chamberí,72,Arapiles,mujeres,13567
2019,7,Chamberí,73,Trafalgar,hombres,10958
2019,7,Chamberí,73,Trafalgar,mujeres,13738
2019,7,Chamberí,74,Almagro,hombres,8726
2019,7,Chamberí,74,Almagro,mujeres,11081
2019,7,Chamberí,75,RíosRosas,hombres,11982
2019,7,Chamberí,75,RíosRosas,mujeres,15400
2019,7,Chamberí,76,Vallehermoso,hombres,8692
2019,7,Chamberí,76,Vallehermoso,mujeres,11525
2019,8,Fuencarral-El Pardo,8,Fuencarral-ElPardo,hombres,115797
2019,8,Fuencarral-El Pardo,8,Fuencarral-ElPardo,mujeres,130224
2019,8,Fuencarral-El Pardo,81,ElPardo,hombres,1704
2019,8,Fuencarral-El Pardo,81,ElPardo,mujeres,1750
2019,8,Fuencarral-El Pardo,82,Fuentelarreina,hombres,1481
2019,8,Fuencarral-El Pardo,82,Fuentelarreina,mujeres,1784
2019,8,Fuencarral-El Pardo,83,Peñagrande,hombres,20743
2019,8,Fuencarral-El Pardo,83,Peñagrande,mujeres,23765
2019,8,Fuencarral-El Pardo,84,Pilar,hombres,21206
2019,8,Fuencarral-El Pardo,84,Pilar,mujeres,25213
2019,8,Fuencarral-El Pardo,85,LaPaz,hombres,15800
2019,8,Fuencarral-El Pardo,85,LaPaz,mujeres,17965
2019,8,Fuencarral-El Pardo,86,Valverde,hombres,30031
2019,8,Fuencarral-El Pardo,86,Valverde,mujeres,33170
2019,8,Fuencarral-El Pardo,87,Mirasierra,hombres,15704
2019,8,Fuencarral-El Pardo,87,Mirasierra,mujeres,17194
2019,8,Fuencarral-El Pardo,88,ElGoloso,hombres,9128
2019,8,Fuencarral-El Pardo,88,ElGoloso,mujeres,9383
2019,9,Moncloa-Aravaca,9,Moncloa-Aravaca,hombres,54934
2019,9,Moncloa-Aravaca,9,Moncloa-Aravaca,mujeres,64489
2019,9,Moncloa-Aravaca,91,CasadeCampo,hombres,5963
2019,9,Moncloa-Aravaca,91,CasadeCampo,mujeres,7028
2019,9,Moncloa-Aravaca,92,Argüelles,hombres,10907
2019,9,Moncloa-Aravaca,92,Argüelles,mujeres,13186
2019,9,Moncloa-Aravaca,93,CiudadUniversitaria,hombres,7398
2019,9,Moncloa-Aravaca,93,CiudadUniversitaria,mujeres,8862
2019,9,Moncloa-Aravaca,94,Valdezarza,hombres,13637
2019,9,Moncloa-Aravaca,94,Valdezarza,mujeres,16085
2019,9,Moncloa-Aravaca,95,Valdemarín,hombres,3109
2019,9,Moncloa-Aravaca,95,Valdemarín,mujeres,3617
2019,9,Moncloa-Aravaca,96,ElPlantío,hombres,1301
2019,9,Moncloa-Aravaca,96,ElPlantío,mujeres,1507
2019,9,Moncloa-Aravaca,97,Aravaca,hombres,12619
2019,9,Moncloa-Aravaca,97,Aravaca,mujeres,14204
2019,10,Latina,10,Latina,hombres,110401
2019,10,Latina,10,Latina,mujeres,127753
2019,10,Latina,101,LosCármenes,hombres,8183
2019,10,Latina,101,LosCármenes,mujeres,9214
2019,10,Latina,102,PuertadelÁngel,hombres,19189
2019,10,Latina,102,PuertadelÁngel,mujeres,22541
2019,10,Latina,103,Lucero,hombres,16771
2019,10,Latina,103,Lucero,mujeres,19319
2019,10,Latina,104,Aluche,hombres,30451
2019,10,Latina,104,Aluche,mujeres,35900
2019,10,Latina,105,Campamento,hombres,8981
2019,10,Latina,105,Campamento,mujeres,10300
2019,10,Latina,106,CuatroVientos,hombres,2909
2019,10,Latina,106,CuatroVientos,mujeres,2839
2019,10,Latina,107,Águilas,hombres,23917
2019,10,Latina,107,Águilas,mujeres,27640
2019,11,Carabanchel,11,Carabanchel,hombres,117802
2019,11,Carabanchel,11,Carabanchel,mujeres,135238
2019,11,Carabanchel,111,Comillas,hombres,10230
2019,11,Carabanchel,111,Comillas,mujeres,12173
2019,11,Carabanchel,112,Opañel,hombres,15125
2019,11,Carabanchel,112,Opañel,mujeres,17926
2019,11,Carabanchel,113,SanIsidro,hombres,18196
2019,11,Carabanchel,113,SanIsidro,mujeres,20761
2019,11,Carabanchel,114,VistaAlegre,hombres,20896
2019,11,Carabanchel,114,VistaAlegre,mujeres,25079
2019,11,Carabanchel,115,PuertaBonita,hombres,16318
2019,11,Carabanchel,115,PuertaBonita,mujeres,18542
2019,11,Carabanchel,116,Buenavista,hombres,22737
2019,11,Carabanchel,116,Buenavista,mujeres,24318
2019,11,Carabanchel,117,Abrantes,hombres,14300
2019,11,Carabanchel,117,Abrantes,mujeres,16439
2019,12,Usera,12,Usera,hombres,65781
2019,12,Usera,12,Usera,mujeres,73720
2019,12,Usera,121,Orcasitas,hombres,10765
2019,12,Usera,121,Orcasitas,mujeres,12072
2019,12,Usera,122,Orcasur,hombres,6697
2019,12,Usera,122,Orcasur,mujeres,7111
2019,12,Usera,123,SanFermín,hombres,11310
2019,12,Usera,123,SanFermín,mujeres,12356
2019,12,Usera,124,Almendrales,hombres,10043
2019,12,Usera,124,Almendrales,mujeres,11396
2019,12,Usera,125,Moscardó,hombres,12300
2019,12,Usera,125,Moscardó,mujeres,14053
2019,12,Usera,126,Zofío,hombres,6509
2019,12,Usera,126,Zofío,mujeres,7459
2019,12,Usera,127,Pradolongo,hombres,8157
2019,12,Usera,127,Pradolongo,mujeres,9273
2019,13,Puente de Vallecas,13,PuentedeVallecas,hombres,111183
2019,13,Puente de Vallecas,13,PuentedeVallecas,mujeres,123587
2019,13,Puente de Vallecas,131,Entrevías,hombres,16677
2019,13,Puente de Vallecas,131,Entrevías,mujeres,18021
2019,13,Puente de Vallecas,132,SanDiego,hombres,19833
2019,13,Puente de Vallecas,132,SanDiego,mujeres,21831
2019,13,Puente de Vallecas,133,PalomerasBajas,hombres,18886
2019,13,Puente de Vallecas,133,PalomerasBajas,mujeres,21280
2019,13,Puente de Vallecas,134,PalomerasSureste,hombres,20253
2019,13,Puente de Vallecas,134,PalomerasSureste,mujeres,22341
2019,13,Puente de Vallecas,135,Portazgo,hombres,13234
2019,13,Puente de Vallecas,135,Portazgo,mujeres,15116
2019,13,Puente de Vallecas,136,Numancia,hombres,22300
2019,13,Puente de Vallecas,136,Numancia,mujeres,24998
2019,14,Moratalaz,14,Moratalaz,hombres,43209
2019,14,Moratalaz,14,Moratalaz,mujeres,51400
2019,14,Moratalaz,141,Pavones,hombres,4185
2019,14,Moratalaz,141,Pavones,mujeres,4952
2019,14,Moratalaz,142,Horcajo,hombres,3030
2019,14,Moratalaz,142,Horcajo,mujeres,3304
2019,14,Moratalaz,143,Marroquina,hombres,12646
2019,14,Moratalaz,143,Marroquina,mujeres,14614
2019,14,Moratalaz,144,MediaLegua,hombres,8166
2019,14,Moratalaz,144,MediaLegua,mujeres,9705
2019,14,Moratalaz,145,Fontarrón,hombres,7779
2019,14,Moratalaz,145,Fontarrón,mujeres,9360
2019,14,Moratalaz,146,Vinateros,hombres,7403
2019,14,Moratalaz,146,Vinateros,mujeres,9465
2019,15,Ciudad Lineal,15,CiudadLineal,hombres,98370
2019,15,Ciudad Lineal,15,CiudadLineal,mujeres,117900
2019,15,Ciudad Lineal,151,Ventas,hombres,21619
2019,15,Ciudad Lineal,151,Ventas,mujeres,26480
2019,15,Ciudad Lineal,152,PuebloNuevo,hombres,28830
2019,15,Ciudad Lineal,152,PuebloNuevo,mujeres,33281
2019,15,Ciudad Lineal,153,Quintana,hombres,10882
2019,15,Ciudad Lineal,153,Quintana,mujeres,13740
2019,15,Ciudad Lineal,154,Concepción,hombres,9245
2019,15,Ciudad Lineal,154,Concepción,mujeres,11611
2019,15,Ciudad Lineal,155,SanPascual,hombres,8154
2019,15,Ciudad Lineal,155,SanPascual,mujeres,9976
2019,15,Ciudad Lineal,156,SanJuanBautista,hombres,5810
2019,15,Ciudad Lineal,156,SanJuanBautista,mujeres,6677
2019,15,Ciudad Lineal,157,Colina,hombres,2864
2019,15,Ciudad Lineal,157,Colina,mujeres,3523
2019,15,Ciudad Lineal,158,Atalaya,hombres,654
2019,15,Ciudad Lineal,158,Atalaya,mujeres,914
2019,15,Ciudad Lineal,159,Costillares,hombres,10312
2019,15,Ciudad Lineal,159,Costillares,mujeres,11698
2019,16,Hortaleza,16,Hortaleza,hombres,89307
2019,16,Hortaleza,16,Hortaleza,mujeres,98960
2019,16,Hortaleza,161,Palomas,hombres,3318
2019,16,Hortaleza,161,Palomas,mujeres,3472
2019,16,Hortaleza,162,Piovera,hombres,7155
2019,16,Hortaleza,162,Piovera,mujeres,7756
2019,16,Hortaleza,163,Canillas,hombres,18919
2019,16,Hortaleza,163,Canillas,mujeres,21659
2019,16,Hortaleza,164,PinardelRey,hombres,24277
2019,16,Hortaleza,164,PinardelRey,mujeres,28414
2019,16,Hortaleza,165,ApóstolSantiago,hombres,7290
2019,16,Hortaleza,165,ApóstolSantiago,mujeres,8128
2019,16,Hortaleza,166,Valdefuentes,hombres,28348
2019,16,Hortaleza,166,Valdefuentes,mujeres,29531
2019,17,Villaverde,17,Villaverde,hombres,71017
2019,17,Villaverde,17,Villaverde,mujeres,77866
2019,17,Villaverde,171,"VillaverdeAlto,CascoHistóricodeVillaverde",hombres,21488
2019,17,Villaverde,171,"VillaverdeAlto,CascoHistóricodeVillaverde",mujeres,23716
2019,17,Villaverde,172,SanCristóbal,hombres,7834
2019,17,Villaverde,172,SanCristóbal,mujeres,8218
2019,17,Villaverde,173,Butarque,hombres,9110
2019,17,Villaverde,173,Butarque,mujeres,9760
2019,17,Villaverde,174,LosRosales,hombres,18071
2019,17,Villaverde,174,LosRosales,mujeres,19516
2019,17,Villaverde,175,Ángeles,hombres,14514
2019,17,Villaverde,175,Ángeles,mujeres,16656
2019,18,Villa de Vallecas,18,VilladeVallecas,hombres,53675
2019,18,Villa de Vallecas,18,VilladeVallecas,mujeres,56761
2019,18,Villa de Vallecas,181,CascoHistóricodeVallecas,hombres,19417
2019,18,Villa de Vallecas,181,CascoHistóricodeVallecas,mujeres,20863
2019,18,Villa de Vallecas,182,SantaEugenia,hombres,11692
2019,18,Villa de Vallecas,182,SantaEugenia,mujeres,12636
2019,18,Villa de Vallecas,183,EnsanchedeVallecas,hombres,22566
2019,18,Villa de Vallecas,183,EnsanchedeVallecas,mujeres,23262
2019,19,Vicálvaro,19,Vicálvaro,hombres,34848
2019,19,Vicálvaro,19,Vicálvaro,mujeres,37278
2019,19,Vicálvaro,191,CascoHistóricodeVicálvaro,hombres,16781
2019,19,Vicálvaro,191,CascoHistóricodeVicálvaro,mujeres,18035
2019,19,Vicálvaro,192,Valdebernardo,hombres,8388
2019,19,Vicálvaro,192,Valdebernardo,mujeres,9250
2019,19,Vicálvaro,193,Valderrivas,hombres,8894
2019,19,Vicálvaro,193,Valderrivas,mujeres,9248
2019,19,Vicálvaro,194,ElCañaveral,hombres,785
2019,19,Vicálvaro,194,ElCañaveral,mujeres,745
2019,20,San Blas-Canillejas,20,SanBlas-Canillejas,hombres,74743
2019,20,San Blas-Canillejas,20,SanBlas-Canillejas,mujeres,83423
2019,20,San Blas-Canillejas,201,Simancas,hombres,13142
2019,20,San Blas-Canillejas,201,Simancas,mujeres,14776
2019,20,San Blas-Canillejas,202,Hellín,hombres,4181
2019,20,San Blas-Canillejas,202,Hellín,mujeres,4976
2019,20,San Blas-Canillejas,203,Amposta,hombres,3968
2019,20,San Blas-Canillejas,203,Amposta,mujeres,4607
2019,20,San Blas-Canillejas,204,Arcos,hombres,11327
2019,20,San Blas-Canillejas,204,Arcos,mujeres,12884
2019,20,San Blas-Canillejas,205,Rosas,hombres,15213
2019,20,San Blas-Canillejas,205,Rosas,mujeres,16464
2019,20,San Blas-Canillejas,206,Rejas,hombres,8142
2019,20,San Blas-Canillejas,206,Rejas,mujeres,8551
2019,20,San Blas-Canillejas,207,Canillejas,hombres,13404
2019,20,San Blas-Canillejas,207,Canillejas,mujeres,15180
2019,20,San Blas-Canillejas,208,ElSalvador,hombres,5366
2019,20,San Blas-Canillejas,208,ElSalvador,mujeres,5985
2019,21,Barajas,21,Barajas,hombres,23653
2019,21,Barajas,21,Barajas,mujeres,25319
2019,21,Barajas,211,AlamedadeOsuna,hombres,9391
2019,21,Barajas,211,AlamedadeOsuna,mujeres,10135
2019,21,Barajas,212,Aeropuerto,hombres,952
2019,21,Barajas,212,Aeropuerto,mujeres,899
2019,21,Barajas,213,CascoHistóricodeBarajas,hombres,3648
2019,21,Barajas,213,CascoHistóricodeBarajas,mujeres,3917
2019,21,Barajas,214,Timón,hombres,5916
2019,21,Barajas,214,Timón,mujeres,6472
2019,21,Barajas,215,Corralejos,hombres,3746
2019,21,Barajas,215,Corralejos,mujeres,3896
2020,1,Centro,1,Centro,hombres,71127
2020,1,Centro,1,Centro,mujeres,69346
2020,1,Centro,11,Palacio,hombres,11628
2020,1,Centro,11,Palacio,mujeres,11965
2020,1,Centro,12,Embajadores,hombres,24497
2020,1,Centro,12,Embajadores,mujeres,22551
2020,1,Centro,13,Cortes,hombres,5365
2020,1,Centro,13,Cortes,mujeres,5406
2020,1,Centro,14,Justicia,hombres,9161
2020,1,Centro,14,Justicia,mujeres,8860
2020,1,Centro,15,Universidad,hombres,16581
2020,1,Centro,15,Universidad,mujeres,16837
2020,1,Centro,16,Sol,hombres,3895
2020,1,Centro,16,Sol,mujeres,3727
2020,2,Arganzuela,2,Arganzuela,hombres,72600
2020,2,Arganzuela,2,Arganzuela,mujeres,83060
2020,2,Arganzuela,21,Imperial,hombres,10593
2020,2,Arganzuela,21,Imperial,mujeres,12315
2020,2,Arganzuela,22,Acacias,hombres,17045
2020,2,Arganzuela,22,Acacias,mujeres,19877
2020,2,Arganzuela,23,Chopera,hombres,9199
2020,2,Arganzuela,23,Chopera,mujeres,11088
2020,2,Arganzuela,24,Legazpi,hombres,9671
2020,2,Arganzuela,24,Legazpi,mujeres,10139
2020,2,Arganzuela,25,Delicias,hombres,13216
2020,2,Arganzuela,25,Delicias,mujeres,15017
2020,2,Arganzuela,26,PalosdeMoguer,hombres,12276
2020,2,Arganzuela,26,PalosdeMoguer,mujeres,14013
2020,2,Arganzuela,27,Atocha,hombres,600
2020,2,Arganzuela,27,Atocha,mujeres,611
2020,3,Retiro,3,Retiro,hombres,54517
2020,3,Retiro,3,Retiro,mujeres,65889
2020,3,Retiro,31,Pacífico,hombres,15108
2020,3,Retiro,31,Pacífico,mujeres,18659
2020,3,Retiro,32,Adelfas,hombres,8655
2020,3,Retiro,32,Adelfas,mujeres,10130
2020,3,Retiro,33,Estrella,hombres,10765
2020,3,Retiro,33,Estrella,mujeres,12589
2020,3,Retiro,34,Ibiza,hombres,9699
2020,3,Retiro,34,Ibiza,mujeres,12294
2020,3,Retiro,35,LosJerónimos,hombres,3293
2020,3,Retiro,35,LosJerónimos,mujeres,3753
2020,3,Retiro,36,NiñoJesús,hombres,6997
2020,3,Retiro,36,NiñoJesús,mujeres,8464
2020,4,Salamanca,4,Salamanca,hombres,65220
2020,4,Salamanca,4,Salamanca,mujeres,82634
2020,4,Salamanca,41,Recoletos,hombres,7132
2020,4,Salamanca,41,Recoletos,mujeres,8714
2020,4,Salamanca,42,Goya,hombres,13012
2020,4,Salamanca,42,Goya,mujeres,16933
2020,4,Salamanca,43,FuentedelBerro,hombres,9285
2020,4,Salamanca,43,FuentedelBerro,mujeres,11964
2020,4,Salamanca,44,Guindalera,hombres,19146
2020,4,Salamanca,44,Guindalera,mujeres,23160
2020,4,Salamanca,45,Lista,hombres,9111
2020,4,Salamanca,45,Lista,mujeres,12100
2020,4,Salamanca,46,Castellana,hombres,7534
2020,4,Salamanca,46,Castellana,mujeres,9763
2020,5,Chamartín,5,Chamartín,hombres,66424
2020,5,Chamartín,5,Chamartín,mujeres,81127
2020,5,Chamartín,51,ElViso,hombres,7843
2020,5,Chamartín,51,ElViso,mujeres,9590
2020,5,Chamartín,52,Prosperidad,hombres,16509
2020,5,Chamartín,52,Prosperidad,mujeres,20431
2020,5,Chamartín,53,CiudadJardín,hombres,8415
2020,5,Chamartín,53,CiudadJardín,mujeres,10478
2020,5,Chamartín,54,Hispanoamérica,hombres,14388
2020,5,Chamartín,54,Hispanoamérica,mujeres,17654
2020,5,Chamartín,55,NuevaEspaña,hombres,11347
2020,5,Chamartín,55,NuevaEspaña,mujeres,13668
2020,5,Chamartín,56,Castilla,hombres,7922
2020,5,Chamartín,56,Castilla,mujeres,9306
2020,6,Tetuán,6,Tetuán,hombres,73358
2020,6,Tetuán,6,Tetuán,mujeres,87955
2020,6,Tetuán,61,BellasVistas,hombres,13646
2020,6,Tetuán,61,BellasVistas,mujeres,16249
2020,6,Tetuán,62,CuatroCaminos,hombres,15832
2020,6,Tetuán,62,CuatroCaminos,mujeres,19360
2020,6,Tetuán,63,Castillejos,hombres,9391
2020,6,Tetuán,63,Castillejos,mujeres,11444
2020,6,Tetuán,64,Almenara,hombres,10551
2020,6,Tetuán,64,Almenara,mujeres,12452
2020,6,Tetuán,65,Valdeacederas,hombres,12346
2020,6,Tetuán,65,Valdeacederas,mujeres,14199
2020,6,Tetuán,66,Berruguete,hombres,11592
2020,6,Tetuán,66,Berruguete,mujeres,14251
2020,7,Chamberí,7,Chamberí,hombres,62136
2020,7,Chamberí,7,Chamberí,mujeres,78730
2020,7,Chamberí,71,Gaztambide,hombres,10235
2020,7,Chamberí,71,Gaztambide,mujeres,13094
2020,7,Chamberí,72,Arapiles,hombres,11025
2020,7,Chamberí,72,Arapiles,mujeres,13679
2020,7,Chamberí,73,Trafalgar,hombres,11161
2020,7,Chamberí,73,Trafalgar,mujeres,13862
2020,7,Chamberí,74,Almagro,hombres,8795
2020,7,Chamberí,74,Almagro,mujeres,11043
2020,7,Chamberí,75,RíosRosas,hombres,12132
2020,7,Chamberí,75,RíosRosas,mujeres,15437
2020,7,Chamberí,76,Vallehermoso,hombres,8788
2020,7,Chamberí,76,Vallehermoso,mujeres,11615
2020,8,Fuencarral-El Pardo,8,Fuencarral-ElPardo,hombres,117640
2020,8,Fuencarral-El Pardo,8,Fuencarral-ElPardo,mujeres,132333
2020,8,Fuencarral-El Pardo,81,ElPardo,hombres,1724
2020,8,Fuencarral-El Pardo,81,ElPardo,mujeres,1748
2020,8,Fuencarral-El Pardo,82,Fuentelarreina,hombres,1500
2020,8,Fuencarral-El Pardo,82,Fuentelarreina,mujeres,1808
2020,8,Fuencarral-El Pardo,83,Peñagrande,hombres,20899
2020,8,Fuencarral-El Pardo,83,Peñagrande,mujeres,24039
2020,8,Fuencarral-El Pardo,84,Pilar,hombres,21379
2020,8,Fuencarral-El Pardo,84,Pilar,mujeres,25476
2020,8,Fuencarral-El Pardo,85,LaPaz,hombres,15754
2020,8,Fuencarral-El Pardo,85,LaPaz,mujeres,17890
2020,8,Fuencarral-El Pardo,86,Valverde,hombres,30772
2020,8,Fuencarral-El Pardo,86,Valverde,mujeres,33896
2020,8,Fuencarral-El Pardo,87,Mirasierra,hombres,16222
2020,8,Fuencarral-El Pardo,87,Mirasierra,mujeres,17824
2020,8,Fuencarral-El Pardo,88,ElGoloso,hombres,9390
2020,8,Fuencarral-El Pardo,88,ElGoloso,mujeres,9652
2020,9,Moncloa-Aravaca,9,Moncloa-Aravaca,hombres,55975
2020,9,Moncloa-Aravaca,9,Moncloa-Aravaca,mujeres,65708
2020,9,Moncloa-Aravaca,91,CasadeCampo,hombres,6114
2020,9,Moncloa-Aravaca,91,CasadeCampo,mujeres,7087
2020,9,Moncloa-Aravaca,92,Argüelles,hombres,11074
2020,9,Moncloa-Aravaca,92,Argüelles,mujeres,13349
2020,9,Moncloa-Aravaca,93,CiudadUniversitaria,hombres,7483
2020,9,Moncloa-Aravaca,93,CiudadUniversitaria,mujeres,8912
2020,9,Moncloa-Aravaca,94,Valdezarza,hombres,13918
2020,9,Moncloa-Aravaca,94,Valdezarza,mujeres,16487
2020,9,Moncloa-Aravaca,95,Valdemarín,hombres,3197
2020,9,Moncloa-Aravaca,95,Valdemarín,mujeres,3760
2020,9,Moncloa-Aravaca,96,ElPlantío,hombres,1290
2020,9,Moncloa-Aravaca,96,ElPlantío,mujeres,1509
2020,9,Moncloa-Aravaca,97,Aravaca,hombres,12899
2020,9,Moncloa-Aravaca,97,Aravaca,mujeres,14604
2020,10,Latina,10,Latina,hombres,112282
2020,10,Latina,10,Latina,mujeres,129857
2020,10,Latina,101,LosCármenes,hombres,8390
2020,10,Latina,101,LosCármenes,mujeres,9346
2020,10,Latina,102,PuertadelÁngel,hombres,19529
2020,10,Latina,102,PuertadelÁngel,mujeres,22833
2020,10,Latina,103,Lucero,hombres,17091
2020,10,Latina,103,Lucero,mujeres,19692
2020,10,Latina,104,Aluche,hombres,30925
2020,10,Latina,104,Aluche,mujeres,36493
2020,10,Latina,105,Campamento,hombres,9216
2020,10,Latina,105,Campamento,mujeres,10632
2020,10,Latina,106,CuatroVientos,hombres,2958
2020,10,Latina,106,CuatroVientos,mujeres,2923
2020,10,Latina,107,Águilas,hombres,24173
2020,10,Latina,107,Águilas,mujeres,27938
2020,11,Carabanchel,11,Carabanchel,hombres,121317
2020,11,Carabanchel,11,Carabanchel,mujeres,138879
2020,11,Carabanchel,111,Comillas,hombres,10566
2020,11,Carabanchel,111,Comillas,mujeres,12435
2020,11,Carabanchel,112,Opañel,hombres,15389
2020,11,Carabanchel,112,Opañel,mujeres,18292
2020,11,Carabanchel,113,SanIsidro,hombres,18710
2020,11,Carabanchel,113,SanIsidro,mujeres,21313
2020,11,Carabanchel,114,VistaAlegre,hombres,21731
2020,11,Carabanchel,114,VistaAlegre,mujeres,25871
2020,11,Carabanchel,115,PuertaBonita,hombres,16822
2020,11,Carabanchel,115,PuertaBonita,mujeres,19110
2020,11,Carabanchel,116,Buenavista,hombres,23198
2020,11,Carabanchel,116,Buenavista,mujeres,24812
2020,11,Carabanchel,117,Abrantes,hombres,14901
2020,11,Carabanchel,117,Abrantes,mujeres,17046
2020,12,Usera,12,Usera,hombres,67346
2020,12,Usera,12,Usera,mujeres,75548
2020,12,Usera,121,Orcasitas,hombres,10898
2020,12,Usera,121,Orcasitas,mujeres,12275
2020,12,Usera,122,Orcasur,hombres,6846
2020,12,Usera,122,Orcasur,mujeres,7308
2020,12,Usera,123,SanFermín,hombres,11441
2020,12,Usera,123,SanFermín,mujeres,12560
2020,12,Usera,124,Almendrales,hombres,10362
2020,12,Usera,124,Almendrales,mujeres,11817
2020,12,Usera,125,Moscardó,hombres,12673
2020,12,Usera,125,Moscardó,mujeres,14455
2020,12,Usera,126,Zofío,hombres,6773
2020,12,Usera,126,Zofío,mujeres,7639
2020,12,Usera,127,Pradolongo,hombres,8353
2020,12,Usera,127,Pradolongo,mujeres,9494
2020,13,Puente de Vallecas,13,PuentedeVallecas,hombres,114235
2020,13,Puente de Vallecas,13,PuentedeVallecas,mujeres,126632
2020,13,Puente de Vallecas,131,Entrevías,hombres,17076
2020,13,Puente de Vallecas,131,Entrevías,mujeres,18440
2020,13,Puente de Vallecas,132,SanDiego,hombres,20957
2020,13,Puente de Vallecas,132,SanDiego,mujeres,22942
2020,13,Puente de Vallecas,133,PalomerasBajas,hombres,19205
2020,13,Puente de Vallecas,133,PalomerasBajas,mujeres,21705
2020,13,Puente de Vallecas,134,PalomerasSureste,hombres,20610
2020,13,Puente de Vallecas,134,PalomerasSureste,mujeres,22554
2020,13,Puente de Vallecas,135,Portazgo,hombres,13560
2020,13,Puente de Vallecas,135,Portazgo,mujeres,15408
2020,13,Puente de Vallecas,136,Numancia,hombres,22827
2020,13,Puente de Vallecas,136,Numancia,mujeres,25583
2020,14,Moratalaz,14,Moratalaz,hombres,43585
2020,14,Moratalaz,14,Moratalaz,mujeres,52029
2020,14,Moratalaz,141,Pavones,hombres,4274
2020,14,Moratalaz,141,Pavones,mujeres,5081
2020,14,Moratalaz,142,Horcajo,hombres,3074
2020,14,Moratalaz,142,Horcajo,mujeres,3361
2020,14,Moratalaz,143,Marroquina,hombres,12595
2020,14,Moratalaz,143,Marroquina,mujeres,14637
2020,14,Moratalaz,144,MediaLegua,hombres,8185
2020,14,Moratalaz,144,MediaLegua,mujeres,9766
2020,14,Moratalaz,145,Fontarrón,hombres,7935
2020,14,Moratalaz,145,Fontarrón,mujeres,9584
2020,14,Moratalaz,146,Vinateros,hombres,7522
2020,14,Moratalaz,146,Vinateros,mujeres,9600
2020,15,Ciudad Lineal,15,CiudadLineal,hombres,99966
2020,15,Ciudad Lineal,15,CiudadLineal,mujeres,119901
2020,15,Ciudad Lineal,151,Ventas,hombres,21942
2020,15,Ciudad Lineal,151,Ventas,mujeres,26949
2020,15,Ciudad Lineal,152,PuebloNuevo,hombres,29399
2020,15,Ciudad Lineal,152,PuebloNuevo,mujeres,34122
2020,15,Ciudad Lineal,153,Quintana,hombres,11120
2020,15,Ciudad Lineal,153,Quintana,mujeres,14031
2020,15,Ciudad Lineal,154,Concepción,hombres,9374
2020,15,Ciudad Lineal,154,Concepción,mujeres,11779
2020,15,Ciudad Lineal,155,SanPascual,hombres,8152
2020,15,Ciudad Lineal,155,SanPascual,mujeres,9955
2020,15,Ciudad Lineal,156,SanJuanBautista,hombres,5923
2020,15,Ciudad Lineal,156,SanJuanBautista,mujeres,6802
2020,15,Ciudad Lineal,157,Colina,hombres,2938
2020,15,Ciudad Lineal,157,Colina,mujeres,3581
2020,15,Ciudad Lineal,158,Atalaya,hombres,667
2020,15,Ciudad Lineal,158,Atalaya,mujeres,888
2020,15,Ciudad Lineal,159,Costillares,hombres,10451
2020,15,Ciudad Lineal,159,Costillares,mujeres,11794
2020,16,Hortaleza,16,Hortaleza,hombres,91659
2020,16,Hortaleza,16,Hortaleza,mujeres,101605
2020,16,Hortaleza,161,Palomas,hombres,3318
2020,16,Hortaleza,161,Palomas,mujeres,3521
2020,16,Hortaleza,162,Piovera,hombres,7119
2020,16,Hortaleza,162,Piovera,mujeres,7820
2020,16,Hortaleza,163,Canillas,hombres,19028
2020,16,Hortaleza,163,Canillas,mujeres,21810
2020,16,Hortaleza,164,PinardelRey,hombres,24529
2020,16,Hortaleza,164,PinardelRey,mujeres,28633
2020,16,Hortaleza,165,ApóstolSantiago,hombres,7365
2020,16,Hortaleza,165,ApóstolSantiago,mujeres,8190
2020,16,Hortaleza,166,Valdefuentes,hombres,30300
2020,16,Hortaleza,166,Valdefuentes,mujeres,31631
2020,17,Villaverde,17,Villaverde,hombres,73639
2020,17,Villaverde,17,Villaverde,mujeres,80679
2020,17,Villaverde,171,"VillaverdeAlto,CascoHistóricodeVillaverde",hombres,22228
2020,17,Villaverde,171,"VillaverdeAlto,CascoHistóricodeVillaverde",mujeres,24521
2020,17,Villaverde,172,SanCristóbal,hombres,8222
2020,17,Villaverde,172,SanCristóbal,mujeres,8676
2020,17,Villaverde,173,Butarque,hombres,9704
2020,17,Villaverde,173,Butarque,mujeres,10322
2020,17,Villaverde,174,LosRosales,hombres,18336
2020,17,Villaverde,174,LosRosales,mujeres,19771
2020,17,Villaverde,175,Ángeles,hombres,15149
2020,17,Villaverde,175,Ángeles,mujeres,17389
2020,18,Villa de Vallecas,18,VilladeVallecas,hombres,55510
2020,18,Villa de Vallecas,18,VilladeVallecas,mujeres,59002
2020,18,Villa de Vallecas,181,CascoHistóricodeVallecas,hombres,19656
2020,18,Villa de Vallecas,181,CascoHistóricodeVallecas,mujeres,21300
2020,18,Villa de Vallecas,182,SantaEugenia,hombres,11833
2020,18,Villa de Vallecas,182,SantaEugenia,mujeres,12851
2020,18,Villa de Vallecas,183,EnsanchedeVallecas,hombres,24021
2020,18,Villa de Vallecas,183,EnsanchedeVallecas,mujeres,24851
2020,19,Vicálvaro,19,Vicálvaro,hombres,35795
2020,19,Vicálvaro,19,Vicálvaro,mujeres,38253
2020,19,Vicálvaro,191,CascoHistóricodeVicálvaro,hombres,17220
2020,19,Vicálvaro,191,CascoHistóricodeVicálvaro,mujeres,18446
2020,19,Vicálvaro,192,Valdebernardo,hombres,8478
2020,19,Vicálvaro,192,Valdebernardo,mujeres,9356
2020,19,Vicálvaro,193,Valderrivas,hombres,8867
2020,19,Vicálvaro,193,Valderrivas,mujeres,9283
2020,19,Vicálvaro,194,ElCañaveral,hombres,1230
2020,19,Vicálvaro,194,ElCañaveral,mujeres,1168
2020,20,San Blas-Canillejas,20,SanBlas-Canillejas,hombres,76252
2020,20,San Blas-Canillejas,20,SanBlas-Canillejas,mujeres,84970
2020,20,San Blas-Canillejas,201,Simancas,hombres,13574
2020,20,San Blas-Canillejas,201,Simancas,mujeres,15124
2020,20,San Blas-Canillejas,202,Hellín,hombres,4260
2020,20,San Blas-Canillejas,202,Hellín,mujeres,5082
2020,20,San Blas-Canillejas,203,Amposta,hombres,4108
2020,20,San Blas-Canillejas,203,Amposta,mujeres,4766
2020,20,San Blas-Canillejas,204,Arcos,hombres,11612
2020,20,San Blas-Canillejas,204,Arcos,mujeres,13080
2020,20,San Blas-Canillejas,205,Rosas,hombres,15253
2020,20,San Blas-Canillejas,205,Rosas,mujeres,16541
2020,20,San Blas-Canillejas,206,Rejas,hombres,8395
2020,20,San Blas-Canillejas,206,Rejas,mujeres,8904
2020,20,San Blas-Canillejas,207,Canillejas,hombres,13607
2020,20,San Blas-Canillejas,207,Canillejas,mujeres,15440
2020,20,San Blas-Canillejas,208,ElSalvador,hombres,5443
2020,20,San Blas-Canillejas,208,ElSalvador,mujeres,6033
2020,21,Barajas,21,Barajas,hombres,24149
2020,21,Barajas,21,Barajas,mujeres,25861
2020,21,Barajas,211,AlamedadeOsuna,hombres,9533
2020,21,Barajas,211,AlamedadeOsuna,mujeres,10287
2020,21,Barajas,212,Aeropuerto,hombres,975
2020,21,Barajas,212,Aeropuerto,mujeres,925
2020,21,Barajas,213,CascoHistóricodeBarajas,hombres,3688
2020,21,Barajas,213,CascoHistóricodeBarajas,mujeres,3995
2020,21,Barajas,214,Timón,hombres,6151
2020,21,Barajas,214,Timón,mujeres,6702
2020,21,Barajas,215,Corralejos,hombres,3802
2020,21,Barajas,215,Corralejos,mujeres,3952
2021,1,Centro,1,Centro,hombres,71881
2021,1,Centro,1,Centro,mujeres,69355
2021,1,Centro,11,Palacio,hombres,11632
2021,1,Centro,11,Palacio,mujeres,11952
2021,1,Centro,12,Embajadores,hombres,24767
2021,1,Centro,12,Embajadores,mujeres,22471
2021,1,Centro,13,Cortes,hombres,5379
2021,1,Centro,13,Cortes,mujeres,5408
2021,1,Centro,14,Justicia,hombres,9291
2021,1,Centro,14,Justicia,mujeres,8917
2021,1,Centro,15,Universidad,hombres,16692
2021,1,Centro,15,Universidad,mujeres,16734
2021,1,Centro,16,Sol,hombres,4120
2021,1,Centro,16,Sol,mujeres,3873
2021,2,Arganzuela,2,Arganzuela,hombres,72000
2021,2,Arganzuela,2,Arganzuela,mujeres,82243
2021,2,Arganzuela,21,Imperial,hombres,10446
2021,2,Arganzuela,21,Imperial,mujeres,12150
2021,2,Arganzuela,22,Acacias,hombres,16741
2021,2,Arganzuela,22,Acacias,mujeres,19654
2021,2,Arganzuela,23,Chopera,hombres,9118
2021,2,Arganzuela,23,Chopera,mujeres,10959
2021,2,Arganzuela,24,Legazpi,hombres,9574
2021,2,Arganzuela,24,Legazpi,mujeres,9998
2021,2,Arganzuela,25,Delicias,hombres,13352
2021,2,Arganzuela,25,Delicias,mujeres,15022
2021,2,Arganzuela,26,PalosdeMoguer,hombres,12059
2021,2,Arganzuela,26,PalosdeMoguer,mujeres,13726
2021,2,Arganzuela,27,Atocha,hombres,710
2021,2,Arganzuela,27,Atocha,mujeres,734
2021,3,Retiro,3,Retiro,hombres,53800
2021,3,Retiro,3,Retiro,mujeres,64757
2021,3,Retiro,31,Pacífico,hombres,14808
2021,3,Retiro,31,Pacífico,mujeres,18259
2021,3,Retiro,32,Adelfas,hombres,8610
2021,3,Retiro,32,Adelfas,mujeres,10043
2021,3,Retiro,33,Estrella,hombres,10636
2021,3,Retiro,33,Estrella,mujeres,12415
2021,3,Retiro,34,Ibiza,hombres,9549
2021,3,Retiro,34,Ibiza,mujeres,12009
2021,3,Retiro,35,LosJerónimos,hombres,3232
2021,3,Retiro,35,LosJerónimos,mujeres,3696
2021,3,Retiro,36,NiñoJesús,hombres,6965
2021,3,Retiro,36,NiñoJesús,mujeres,8335
2021,4,Salamanca,4,Salamanca,hombres,64540
2021,4,Salamanca,4,Salamanca,mujeres,81476
2021,4,Salamanca,41,Recoletos,hombres,7048
2021,4,Salamanca,41,Recoletos,mujeres,8581
2021,4,Salamanca,42,Goya,hombres,12820
2021,4,Salamanca,42,Goya,mujeres,16659
2021,4,Salamanca,43,FuentedelBerro,hombres,9155
2021,4,Salamanca,43,FuentedelBerro,mujeres,11808
2021,4,Salamanca,44,Guindalera,hombres,18991
2021,4,Salamanca,44,Guindalera,mujeres,22948
2021,4,Salamanca,45,Lista,hombres,9029
2021,4,Salamanca,45,Lista,mujeres,11835
2021,4,Salamanca,46,Castellana,hombres,7497
2021,4,Salamanca,46,Castellana,mujeres,9645
2021,5,Chamartín,5,Chamartín,hombres,65599
2021,5,Chamartín,5,Chamartín,mujeres,80101
2021,5,Chamartín,51,ElViso,hombres,7811
2021,5,Chamartín,51,ElViso,mujeres,9538
2021,5,Chamartín,52,Prosperidad,hombres,16219
2021,5,Chamartín,52,Prosperidad,mujeres,20084
2021,5,Chamartín,53,CiudadJardín,hombres,8306
2021,5,Chamartín,53,CiudadJardín,mujeres,10312
2021,5,Chamartín,54,Hispanoamérica,hombres,14214
2021,5,Chamartín,54,Hispanoamérica,mujeres,17428
2021,5,Chamartín,55,NuevaEspaña,hombres,11150
2021,5,Chamartín,55,NuevaEspaña,mujeres,13547
2021,5,Chamartín,56,Castilla,hombres,7899
2021,5,Chamartín,56,Castilla,mujeres,9192
2021,6,Tetuán,6,Tetuán,hombres,72752
2021,6,Tetuán,6,Tetuán,mujeres,87097
2021,6,Tetuán,61,BellasVistas,hombres,13461
2021,6,Tetuán,61,BellasVistas,mujeres,16004
2021,6,Tetuán,62,CuatroCaminos,hombres,15717
2021,6,Tetuán,62,CuatroCaminos,mujeres,19100
2021,6,Tetuán,63,Castillejos,hombres,9217
2021,6,Tetuán,63,Castillejos,mujeres,11324
2021,6,Tetuán,64,Almenara,hombres,10470
2021,6,Tetuán,64,Almenara,mujeres,12268
2021,6,Tetuán,65,Valdeacederas,hombres,12414
2021,6,Tetuán,65,Valdeacederas,mujeres,14211
2021,6,Tetuán,66,Berruguete,hombres,11473
2021,6,Tetuán,66,Berruguete,mujeres,14190
2021,7,Chamberí,7,Chamberí,hombres,61313
2021,7,Chamberí,7,Chamberí,mujeres,77354
2021,7,Chamberí,71,Gaztambide,hombres,10106
2021,7,Chamberí,71,Gaztambide,mujeres,12842
2021,7,Chamberí,72,Arapiles,hombres,10884
2021,7,Chamberí,72,Arapiles,mujeres,13376
2021,7,Chamberí,73,Trafalgar,hombres,11029
2021,7,Chamberí,73,Trafalgar,mujeres,13599
2021,7,Chamberí,74,Almagro,hombres,8667
2021,7,Chamberí,74,Almagro,mujeres,10879
2021,7,Chamberí,75,RíosRosas,hombres,11977
2021,7,Chamberí,75,RíosRosas,mujeres,15239
2021,7,Chamberí,76,Vallehermoso,hombres,8650
2021,7,Chamberí,76,Vallehermoso,mujeres,11419
2021,8,Fuencarral-El Pardo,8,Fuencarral-ElPardo,hombres,116520
2021,8,Fuencarral-El Pardo,8,Fuencarral-ElPardo,mujeres,131172
2021,8,Fuencarral-El Pardo,81,ElPardo,hombres,1723
2021,8,Fuencarral-El Pardo,81,ElPardo,mujeres,1720
2021,8,Fuencarral-El Pardo,82,Fuentelarreina,hombres,1511
2021,8,Fuencarral-El Pardo,82,Fuentelarreina,mujeres,1845
2021,8,Fuencarral-El Pardo,83,Peñagrande,hombres,20584
2021,8,Fuencarral-El Pardo,83,Peñagrande,mujeres,23799
2021,8,Fuencarral-El Pardo,84,Pilar,hombres,20963
2021,8,Fuencarral-El Pardo,84,Pilar,mujeres,25007
2021,8,Fuencarral-El Pardo,85,LaPaz,hombres,15368
2021,8,Fuencarral-El Pardo,85,LaPaz,mujeres,17637
2021,8,Fuencarral-El Pardo,86,Valverde,hombres,30504
2021,8,Fuencarral-El Pardo,86,Valverde,mujeres,33538
2021,8,Fuencarral-El Pardo,87,Mirasierra,hombres,16520
2021,8,Fuencarral-El Pardo,87,Mirasierra,mujeres,18045
2021,8,Fuencarral-El Pardo,88,ElGoloso,hombres,9347
2021,8,Fuencarral-El Pardo,88,ElGoloso,mujeres,9581
2021,9,Moncloa-Aravaca,9,Moncloa-Aravaca,hombres,55588
2021,9,Moncloa-Aravaca,9,Moncloa-Aravaca,mujeres,65246
2021,9,Moncloa-Aravaca,91,CasadeCampo,hombres,6058
2021,9,Moncloa-Aravaca,91,CasadeCampo,mujeres,7008
2021,9,Moncloa-Aravaca,92,Argüelles,hombres,10974
2021,9,Moncloa-Aravaca,92,Argüelles,mujeres,13188
2021,9,Moncloa-Aravaca,93,CiudadUniversitaria,hombres,7417
2021,9,Moncloa-Aravaca,93,CiudadUniversitaria,mujeres,8758
2021,9,Moncloa-Aravaca,94,Valdezarza,hombres,13744
2021,9,Moncloa-Aravaca,94,Valdezarza,mujeres,16347
2021,9,Moncloa-Aravaca,95,Valdemarín,hombres,3163
2021,9,Moncloa-Aravaca,95,Valdemarín,mujeres,3693
2021,9,Moncloa-Aravaca,96,ElPlantío,hombres,1336
2021,9,Moncloa-Aravaca,96,ElPlantío,mujeres,1580
2021,9,Moncloa-Aravaca,97,Aravaca,hombres,12896
2021,9,Moncloa-Aravaca,97,Aravaca,mujeres,14672
2021,10,Latina,10,Latina,hombres,111209
2021,10,Latina,10,Latina,mujeres,128946
2021,10,Latina,101,LosCármenes,hombres,8338
2021,10,Latina,101,LosCármenes,mujeres,9239
2021,10,Latina,102,PuertadelÁngel,hombres,19344
2021,10,Latina,102,PuertadelÁngel,mujeres,22638
2021,10,Latina,103,Lucero,hombres,17056
2021,10,Latina,103,Lucero,mujeres,19520
2021,10,Latina,104,Aluche,hombres,30626
2021,10,Latina,104,Aluche,mujeres,36342
2021,10,Latina,105,Campamento,hombres,9029
2021,10,Latina,105,Campamento,mujeres,10550
2021,10,Latina,106,CuatroVientos,hombres,2926
2021,10,Latina,106,CuatroVientos,mujeres,2948
2021,10,Latina,107,Águilas,hombres,23890
2021,10,Latina,107,Águilas,mujeres,27709
2021,11,Carabanchel,11,Carabanchel,hombres,120600
2021,11,Carabanchel,11,Carabanchel,mujeres,138033
2021,11,Carabanchel,111,Comillas,hombres,10471
2021,11,Carabanchel,111,Comillas,mujeres,12224
2021,11,Carabanchel,112,Opañel,hombres,15385
2021,11,Carabanchel,112,Opañel,mujeres,18271
2021,11,Carabanchel,113,SanIsidro,hombres,18584
2021,11,Carabanchel,113,SanIsidro,mujeres,21144
2021,11,Carabanchel,114,VistaAlegre,hombres,21440
2021,11,Carabanchel,114,VistaAlegre,mujeres,25642
2021,11,Carabanchel,115,PuertaBonita,hombres,16868
2021,11,Carabanchel,115,PuertaBonita,mujeres,19079
2021,11,Carabanchel,116,Buenavista,hombres,23176
2021,11,Carabanchel,116,Buenavista,mujeres,24832
2021,11,Carabanchel,117,Abrantes,hombres,14676
2021,11,Carabanchel,117,Abrantes,mujeres,16841
2021,12,Usera,12,Usera,hombres,67230
2021,12,Usera,12,Usera,mujeres,75224
2021,12,Usera,121,Orcasitas,hombres,10880
2021,12,Usera,121,Orcasitas,mujeres,12215
2021,12,Usera,122,Orcasur,hombres,6842
2021,12,Usera,122,Orcasur,mujeres,7299
2021,12,Usera,123,SanFermín,hombres,11382
2021,12,Usera,123,SanFermín,mujeres,12456
2021,12,Usera,124,Almendrales,hombres,10543
2021,12,Usera,124,Almendrales,mujeres,11973
2021,12,Usera,125,Moscardó,hombres,12435
2021,12,Usera,125,Moscardó,mujeres,14188
2021,12,Usera,126,Zofío,hombres,6733
2021,12,Usera,126,Zofío,mujeres,7603
2021,12,Usera,127,Pradolongo,hombres,8415
2021,12,Usera,127,Pradolongo,mujeres,9490
2021,13,Puente de Vallecas,13,PuentedeVallecas,hombres,113355
2021,13,Puente de Vallecas,13,PuentedeVallecas,mujeres,125702
2021,13,Puente de Vallecas,131,Entrevías,hombres,16925
2021,13,Puente de Vallecas,131,Entrevías,mujeres,18314
2021,13,Puente de Vallecas,132,SanDiego,hombres,20793
2021,13,Puente de Vallecas,132,SanDiego,mujeres,22781
2021,13,Puente de Vallecas,133,PalomerasBajas,hombres,18959
2021,13,Puente de Vallecas,133,PalomerasBajas,mujeres,21509
2021,13,Puente de Vallecas,134,PalomerasSureste,hombres,20429
2021,13,Puente de Vallecas,134,PalomerasSureste,mujeres,22495
2021,13,Puente de Vallecas,135,Portazgo,hombres,13508
2021,13,Puente de Vallecas,135,Portazgo,mujeres,15228
2021,13,Puente de Vallecas,136,Numancia,hombres,22741
2021,13,Puente de Vallecas,136,Numancia,mujeres,25375
2021,14,Moratalaz,14,Moratalaz,hombres,42662
2021,14,Moratalaz,14,Moratalaz,mujeres,51148
2021,14,Moratalaz,141,Pavones,hombres,4081
2021,14,Moratalaz,141,Pavones,mujeres,4891
2021,14,Moratalaz,142,Horcajo,hombres,3045
2021,14,Moratalaz,142,Horcajo,mujeres,3326
2021,14,Moratalaz,143,Marroquina,hombres,12289
2021,14,Moratalaz,143,Marroquina,mujeres,14369
2021,14,Moratalaz,144,MediaLegua,hombres,7992
2021,14,Moratalaz,144,MediaLegua,mujeres,9668
2021,14,Moratalaz,145,Fontarrón,hombres,7841
2021,14,Moratalaz,145,Fontarrón,mujeres,9449
2021,14,Moratalaz,146,Vinateros,hombres,7414
2021,14,Moratalaz,146,Vinateros,mujeres,9445
2021,15,Ciudad Lineal,15,CiudadLineal,hombres,98514
2021,15,Ciudad Lineal,15,CiudadLineal,mujeres,118304
2021,15,Ciudad Lineal,151,Ventas,hombres,21721
2021,15,Ciudad Lineal,151,Ventas,mujeres,26690
2021,15,Ciudad Lineal,152,PuebloNuevo,hombres,28931
2021,15,Ciudad Lineal,152,PuebloNuevo,mujeres,33800
2021,15,Ciudad Lineal,153,Quintana,hombres,10931
2021,15,Ciudad Lineal,153,Quintana,mujeres,13690
2021,15,Ciudad Lineal,154,Concepción,hombres,9205
2021,15,Ciudad Lineal,154,Concepción,mujeres,11522
2021,15,Ciudad Lineal,155,SanPascual,hombres,8017
2021,15,Ciudad Lineal,155,SanPascual,mujeres,9806
2021,15,Ciudad Lineal,156,SanJuanBautista,hombres,5828
2021,15,Ciudad Lineal,156,SanJuanBautista,mujeres,6656
2021,15,Ciudad Lineal,157,Colina,hombres,2857
2021,15,Ciudad Lineal,157,Colina,mujeres,3510
2021,15,Ciudad Lineal,158,Atalaya,hombres,687
2021,15,Ciudad Lineal,158,Atalaya,mujeres,893
2021,15,Ciudad Lineal,159,Costillares,hombres,10337
2021,15,Ciudad Lineal,159,Costillares,mujeres,11737
2021,16,Hortaleza,16,Hortaleza,hombres,91585
2021,16,Hortaleza,16,Hortaleza,mujeres,101643
2021,16,Hortaleza,161,Palomas,hombres,3360
2021,16,Hortaleza,161,Palomas,mujeres,3531
2021,16,Hortaleza,162,Piovera,hombres,7049
2021,16,Hortaleza,162,Piovera,mujeres,7786
2021,16,Hortaleza,163,Canillas,hombres,18757
2021,16,Hortaleza,163,Canillas,mujeres,21524
2021,16,Hortaleza,164,PinardelRey,hombres,24116
2021,16,Hortaleza,164,PinardelRey,mujeres,28378
2021,16,Hortaleza,165,ApóstolSantiago,hombres,7338
2021,16,Hortaleza,165,ApóstolSantiago,mujeres,8135
2021,16,Hortaleza,166,Valdefuentes,hombres,30965
2021,16,Hortaleza,166,Valdefuentes,mujeres,32289
2021,17,Villaverde,17,Villaverde,hombres,73947
2021,17,Villaverde,17,Villaverde,mujeres,80861
2021,17,Villaverde,171,"VillaverdeAlto,CascoHistóricodeVillaverde",hombres,22180
2021,17,Villaverde,171,"VillaverdeAlto,CascoHistóricodeVillaverde",mujeres,24457
2021,17,Villaverde,172,SanCristóbal,hombres,8345
2021,17,Villaverde,172,SanCristóbal,mujeres,8641
2021,17,Villaverde,173,Butarque,hombres,10048
2021,17,Villaverde,173,Butarque,mujeres,10674
2021,17,Villaverde,174,LosRosales,hombres,18145
2021,17,Villaverde,174,LosRosales,mujeres,19645
2021,17,Villaverde,175,Ángeles,hombres,15229
2021,17,Villaverde,175,Ángeles,mujeres,17444
2021,18,Villa de Vallecas,18,VilladeVallecas,hombres,55606
2021,18,Villa de Vallecas,18,VilladeVallecas,mujeres,59127
2021,18,Villa de Vallecas,181,CascoHistóricodeVallecas,hombres,19284
2021,18,Villa de Vallecas,181,CascoHistóricodeVallecas,mujeres,20957
2021,18,Villa de Vallecas,182,SantaEugenia,hombres,11635
2021,18,Villa de Vallecas,182,SantaEugenia,mujeres,12653
2021,18,Villa de Vallecas,183,EnsanchedeVallecas,hombres,24687
2021,18,Villa de Vallecas,183,EnsanchedeVallecas,mujeres,25517
2021,19,Vicálvaro,19,Vicálvaro,hombres,36497
2021,19,Vicálvaro,19,Vicálvaro,mujeres,38988
2021,19,Vicálvaro,191,CascoHistóricodeVicálvaro,hombres,17141
2021,19,Vicálvaro,191,CascoHistóricodeVicálvaro,mujeres,18407
2021,19,Vicálvaro,192,Valdebernardo,hombres,8350
2021,19,Vicálvaro,192,Valdebernardo,mujeres,9196
2021,19,Vicálvaro,193,Valderrivas,hombres,8752
2021,19,Vicálvaro,193,Valderrivas,mujeres,9209
2021,19,Vicálvaro,194,ElCañaveral,hombres,2254
2021,19,Vicálvaro,194,ElCañaveral,mujeres,2176
2021,20,San Blas-Canillejas,20,SanBlas-Canillejas,hombres,75788
2021,20,San Blas-Canillejas,20,SanBlas-Canillejas,mujeres,84470
2021,20,San Blas-Canillejas,201,Simancas,hombres,13460
2021,20,San Blas-Canillejas,201,Simancas,mujeres,14991
2021,20,San Blas-Canillejas,202,Hellín,hombres,4300
2021,20,San Blas-Canillejas,202,Hellín,mujeres,5059
2021,20,San Blas-Canillejas,203,Amposta,hombres,4091
2021,20,San Blas-Canillejas,203,Amposta,mujeres,4794
2021,20,San Blas-Canillejas,204,Arcos,hombres,11610
2021,20,San Blas-Canillejas,204,Arcos,mujeres,13032
2021,20,San Blas-Canillejas,205,Rosas,hombres,15121
2021,20,San Blas-Canillejas,205,Rosas,mujeres,16413
2021,20,San Blas-Canillejas,206,Rejas,hombres,8284
2021,20,San Blas-Canillejas,206,Rejas,mujeres,8814
2021,20,San Blas-Canillejas,207,Canillejas,hombres,13556
2021,20,San Blas-Canillejas,207,Canillejas,mujeres,15369
2021,20,San Blas-Canillejas,208,ElSalvador,hombres,5366
2021,20,San Blas-Canillejas,208,ElSalvador,mujeres,5998
2021,21,Barajas,21,Barajas,hombres,24171
2021,21,Barajas,21,Barajas,mujeres,25906
2021,21,Barajas,211,AlamedadeOsuna,hombres,9430
2021,21,Barajas,211,AlamedadeOsuna,mujeres,10227
2021,21,Barajas,212,Aeropuerto,hombres,988
2021,21,Barajas,212,Aeropuerto,mujeres,930
2021,21,Barajas,213,CascoHistóricodeBarajas,hombres,3593
2021,21,Barajas,213,CascoHistóricodeBarajas,mujeres,3911
2021,21,Barajas,214,Timón,hombres,6379
2021,21,Barajas,214,Timón,mujeres,6955
2021,21,Barajas,215,Corralejos,hombres,3781
2021,21,Barajas,215,Corralejos,mujeres,3883
2022,1,Centro,1,Centro,hombres,70986
2022,1,Centro,1,Centro,mujeres,68696
2022,1,Centro,11,Palacio,hombres,11568
2022,1,Centro,11,Palacio,mujeres,11849
2022,1,Centro,12,Embajadores,hombres,24271
2022,1,Centro,12,Embajadores,mujeres,22173
2022,1,Centro,13,Cortes,hombres,5345
2022,1,Centro,13,Cortes,mujeres,5483
2022,1,Centro,14,Justicia,hombres,9221
2022,1,Centro,14,Justicia,mujeres,8794
2022,1,Centro,15,Universidad,hombres,16349
2022,1,Centro,15,Universidad,mujeres,16512
2022,1,Centro,16,Sol,hombres,4232
2022,1,Centro,16,Sol,mujeres,3885
2022,2,Arganzuela,2,Arganzuela,hombres,71466
2022,2,Arganzuela,2,Arganzuela,mujeres,81172
2022,2,Arganzuela,21,Imperial,hombres,10436
2022,2,Arganzuela,21,Imperial,mujeres,12020
2022,2,Arganzuela,22,Acacias,hombres,16635
2022,2,Arganzuela,22,Acacias,mujeres,19403
2022,2,Arganzuela,23,Chopera,hombres,8994
2022,2,Arganzuela,23,Chopera,mujeres,10740
2022,2,Arganzuela,24,Legazpi,hombres,9543
2022,2,Arganzuela,24,Legazpi,mujeres,9926
2022,2,Arganzuela,25,Delicias,hombres,13296
2022,2,Arganzuela,25,Delicias,mujeres,14947
2022,2,Arganzuela,26,PalosdeMoguer,hombres,11766
2022,2,Arganzuela,26,PalosdeMoguer,mujeres,13312
2022,2,Arganzuela,27,Atocha,hombres,796
2022,2,Arganzuela,27,Atocha,mujeres,824
2022,3,Retiro,3,Retiro,hombres,53445
2022,3,Retiro,3,Retiro,mujeres,64227
2022,3,Retiro,31,Pacífico,hombres,14613
2022,3,Retiro,31,Pacífico,mujeres,18132
2022,3,Retiro,32,Adelfas,hombres,8675
2022,3,Retiro,32,Adelfas,mujeres,10040
2022,3,Retiro,33,Estrella,hombres,10514
2022,3,Retiro,33,Estrella,mujeres,12266
2022,3,Retiro,34,Ibiza,hombres,9541
2022,3,Retiro,34,Ibiza,mujeres,11836
2022,3,Retiro,35,LosJerónimos,hombres,3237
2022,3,Retiro,35,LosJerónimos,mujeres,3689
2022,3,Retiro,36,NiñoJesús,hombres,6865
2022,3,Retiro,36,NiñoJesús,mujeres,8264
2022,4,Salamanca,4,Salamanca,hombres,64343
2022,4,Salamanca,4,Salamanca,mujeres,81114
2022,4,Salamanca,41,Recoletos,hombres,7044
2022,4,Salamanca,41,Recoletos,mujeres,8603
2022,4,Salamanca,42,Goya,hombres,12840
2022,4,Salamanca,42,Goya,mujeres,16601
2022,4,Salamanca,43,FuentedelBerro,hombres,9087
2022,4,Salamanca,43,FuentedelBerro,mujeres,11761
2022,4,Salamanca,44,Guindalera,hombres,18925
2022,4,Salamanca,44,Guindalera,mujeres,22796
2022,4,Salamanca,45,Lista,hombres,8997
2022,4,Salamanca,45,Lista,mujeres,11788
2022,4,Salamanca,46,Castellana,hombres,7450
2022,4,Salamanca,46,Castellana,mujeres,9565
2022,5,Chamartín,5,Chamartín,hombres,65080
2022,5,Chamartín,5,Chamartín,mujeres,79291
2022,5,Chamartín,51,ElViso,hombres,7767
2022,5,Chamartín,51,ElViso,mujeres,9414
2022,5,Chamartín,52,Prosperidad,hombres,16070
2022,5,Chamartín,52,Prosperidad,mujeres,19893
2022,5,Chamartín,53,CiudadJardín,hombres,8181
2022,5,Chamartín,53,CiudadJardín,mujeres,10229
2022,5,Chamartín,54,Hispanoamérica,hombres,14188
2022,5,Chamartín,54,Hispanoamérica,mujeres,17275
2022,5,Chamartín,55,NuevaEspaña,hombres,11015
2022,5,Chamartín,55,NuevaEspaña,mujeres,13351
2022,5,Chamartín,56,Castilla,hombres,7859
2022,5,Chamartín,56,Castilla,mujeres,9129
2022,6,Tetuán,6,Tetuán,hombres,71636
2022,6,Tetuán,6,Tetuán,mujeres,85797
2022,6,Tetuán,61,BellasVistas,hombres,13231
2022,6,Tetuán,61,BellasVistas,mujeres,15764
2022,6,Tetuán,62,CuatroCaminos,hombres,15436
2022,6,Tetuán,62,CuatroCaminos,mujeres,19035
2022,6,Tetuán,63,Castillejos,hombres,9097
2022,6,Tetuán,63,Castillejos,mujeres,11185
2022,6,Tetuán,64,Almenara,hombres,10391
2022,6,Tetuán,64,Almenara,mujeres,12203
2022,6,Tetuán,65,Valdeacederas,hombres,12277
2022,6,Tetuán,65,Valdeacederas,mujeres,13863
2022,6,Tetuán,66,Berruguete,hombres,11204
2022,6,Tetuán,66,Berruguete,mujeres,13747
2022,7,Chamberí,7,Chamberí,hombres,60867
2022,7,Chamberí,7,Chamberí,mujeres,76420
2022,7,Chamberí,71,Gaztambide,hombres,10058
2022,7,Chamberí,71,Gaztambide,mujeres,12601
2022,7,Chamberí,72,Arapiles,hombres,10770
2022,7,Chamberí,72,Arapiles,mujeres,13202
2022,7,Chamberí,73,Trafalgar,hombres,11063
2022,7,Chamberí,73,Trafalgar,mujeres,13432
2022,7,Chamberí,74,Almagro,hombres,8557
2022,7,Chamberí,74,Almagro,mujeres,10801
2022,7,Chamberí,75,RíosRosas,hombres,11798
2022,7,Chamberí,75,RíosRosas,mujeres,15103
2022,7,Chamberí,76,Vallehermoso,hombres,8621
2022,7,Chamberí,76,Vallehermoso,mujeres,11281
2022,8,Fuencarral-El Pardo,8,Fuencarral-El Pardo,hombres,115955
2022,8,Fuencarral-El Pardo,8,Fuencarral-El Pardo,mujeres,130326
2022,8,Fuencarral-El Pardo,81,ElPardo,hombres,1683
2022,8,Fuencarral-El Pardo,81,ElPardo,mujeres,1699
2022,8,Fuencarral-El Pardo,82,Fuentelarreina,hombres,1513
2022,8,Fuencarral-El Pardo,82,Fuentelarreina,mujeres,1833
2022,8,Fuencarral-El Pardo,83,Peñagrande,hombres,20379
2022,8,Fuencarral-El Pardo,83,Peñagrande,mujeres,23508
2022,8,Fuencarral-El Pardo,84,Pilar,hombres,20645
2022,8,Fuencarral-El Pardo,84,Pilar,mujeres,24709
2022,8,Fuencarral-El Pardo,85,LaPaz,hombres,15059
2022,8,Fuencarral-El Pardo,85,LaPaz,mujeres,17287
2022,8,Fuencarral-El Pardo,86,Valverde,hombres,30328
2022,8,Fuencarral-El Pardo,86,Valverde,mujeres,33323
2022,8,Fuencarral-El Pardo,87,Mirasierra,hombres,16920
2022,8,Fuencarral-El Pardo,87,Mirasierra,mujeres,18320
2022,8,Fuencarral-El Pardo,88,ElGoloso,hombres,9428
2022,8,Fuencarral-El Pardo,88,ElGoloso,mujeres,9647
2022,9,Moncloa-Aravaca,9,Moncloa-Aravaca,hombres,55501
2022,9,Moncloa-Aravaca,9,Moncloa-Aravaca,mujeres,64859
2022,9,Moncloa-Aravaca,91,CasadeCampo,hombres,5929
2022,9,Moncloa-Aravaca,91,CasadeCampo,mujeres,6875
2022,9,Moncloa-Aravaca,92,Argüelles,hombres,11035
2022,9,Moncloa-Aravaca,92,Argüelles,mujeres,13130
2022,9,Moncloa-Aravaca,93,CiudadUniversitaria,hombres,7489
2022,9,Moncloa-Aravaca,93,CiudadUniversitaria,mujeres,8731
2022,9,Moncloa-Aravaca,94,Valdezarza,hombres,13602
2022,9,Moncloa-Aravaca,94,Valdezarza,mujeres,16200
2022,9,Moncloa-Aravaca,95,Valdemarín,hombres,3283
2022,9,Moncloa-Aravaca,95,Valdemarín,mujeres,3765
2022,9,Moncloa-Aravaca,96,ElPlantío,hombres,1384
2022,9,Moncloa-Aravaca,96,ElPlantío,mujeres,1614
2022,9,Moncloa-Aravaca,97,Aravaca,hombres,12779
2022,9,Moncloa-Aravaca,97,Aravaca,mujeres,14544
2022,10,Latina,10,Latina,hombres,109928
2022,10,Latina,10,Latina,mujeres,127120
2022,10,Latina,101,LosCármenes,hombres,8302
2022,10,Latina,101,LosCármenes,mujeres,9241
2022,10,Latina,102,PuertadelÁngel,hombres,19113
2022,10,Latina,102,PuertadelÁngel,mujeres,22288
2022,10,Latina,103,Lucero,hombres,16887
2022,10,Latina,103,Lucero,mujeres,19175
2022,10,Latina,104,Aluche,hombres,30086
2022,10,Latina,104,Aluche,mujeres,35747
2022,10,Latina,105,Campamento,hombres,8970
2022,10,Latina,105,Campamento,mujeres,10367
2022,10,Latina,106,CuatroVientos,hombres,2996
2022,10,Latina,106,CuatroVientos,mujeres,2970
2022,10,Latina,107,Águilas,hombres,23574
2022,10,Latina,107,Águilas,mujeres,27332
2022,11,Carabanchel,11,Carabanchel,hombres,119381
2022,11,Carabanchel,11,Carabanchel,mujeres,136133
2022,11,Carabanchel,111,Comillas,hombres,10230
2022,11,Carabanchel,111,Comillas,mujeres,11984
2022,11,Carabanchel,112,Opañel,hombres,15283
2022,11,Carabanchel,112,Opañel,mujeres,18017
2022,11,Carabanchel,113,SanIsidro,hombres,18500
2022,11,Carabanchel,113,SanIsidro,mujeres,20891
2022,11,Carabanchel,114,VistaAlegre,hombres,21208
2022,11,Carabanchel,114,VistaAlegre,mujeres,25266
2022,11,Carabanchel,115,PuertaBonita,hombres,16647
2022,11,Carabanchel,115,PuertaBonita,mujeres,18748
2022,11,Carabanchel,116,Buenavista,hombres,23152
2022,11,Carabanchel,116,Buenavista,mujeres,24663
2022,11,Carabanchel,117,Abrantes,hombres,14361
2022,11,Carabanchel,117,Abrantes,mujeres,16564
2022,12,Usera,12,Usera,hombres,66532
2022,12,Usera,12,Usera,mujeres,74276
2022,12,Usera,121,Orcasitas,hombres,10827
2022,12,Usera,121,Orcasitas,mujeres,12169
2022,12,Usera,122,Orcasur,hombres,6915
2022,12,Usera,122,Orcasur,mujeres,7335
2022,12,Usera,123,SanFermín,hombres,11185
2022,12,Usera,123,SanFermín,mujeres,12275
2022,12,Usera,124,Almendrales,hombres,10522
2022,12,Usera,124,Almendrales,mujeres,11977
2022,12,Usera,125,Moscardó,hombres,12293
2022,12,Usera,125,Moscardó,mujeres,13846
2022,12,Usera,126,Zofío,hombres,6571
2022,12,Usera,126,Zofío,mujeres,7451
2022,12,Usera,127,Pradolongo,hombres,8219
2022,12,Usera,127,Pradolongo,mujeres,9223
2022,13,Puente de Vallecas,13,Puente de Vallecas,hombres,111748
2022,13,Puente de Vallecas,13,Puente de Vallecas,mujeres,123890
2022,13,Puente de Vallecas,131,Entrevías,hombres,16591
2022,13,Puente de Vallecas,131,Entrevías,mujeres,18099
2022,13,Puente de Vallecas,132,SanDiego,hombres,20534
2022,13,Puente de Vallecas,132,SanDiego,mujeres,22376
2022,13,Puente de Vallecas,133,PalomerasBajas,hombres,18722
2022,13,Puente de Vallecas,133,PalomerasBajas,mujeres,21213
2022,13,Puente de Vallecas,134,PalomerasSureste,hombres,20218
2022,13,Puente de Vallecas,134,PalomerasSureste,mujeres,22322
2022,13,Puente de Vallecas,135,Portazgo,hombres,13310
2022,13,Puente de Vallecas,135,Portazgo,mujeres,14939
2022,13,Puente de Vallecas,136,Numancia,hombres,22373
2022,13,Puente de Vallecas,136,Numancia,mujeres,24941
2022,14,Moratalaz,14,Moratalaz,hombres,42095
2022,14,Moratalaz,14,Moratalaz,mujeres,50295
2022,14,Moratalaz,141,Pavones,hombres,3968
2022,14,Moratalaz,141,Pavones,mujeres,4751
2022,14,Moratalaz,142,Horcajo,hombres,3057
2022,14,Moratalaz,142,Horcajo,mujeres,3297
2022,14,Moratalaz,143,Marroquina,hombres,12113
2022,14,Moratalaz,143,Marroquina,mujeres,14184
2022,14,Moratalaz,144,MediaLegua,hombres,7845
2022,14,Moratalaz,144,MediaLegua,mujeres,9532
2022,14,Moratalaz,145,Fontarrón,hombres,7746
2022,14,Moratalaz,145,Fontarrón,mujeres,9298
2022,14,Moratalaz,146,Vinateros,hombres,7366
2022,14,Moratalaz,146,Vinateros,mujeres,9233
2022,15,Ciudad Lineal,15,Ciudad Lineal,hombres,97357
2022,15,Ciudad Lineal,15,Ciudad Lineal,mujeres,116548
2022,15,Ciudad Lineal,151,Ventas,hombres,21500
2022,15,Ciudad Lineal,151,Ventas,mujeres,26301
2022,15,Ciudad Lineal,152,PuebloNuevo,hombres,28582
2022,15,Ciudad Lineal,152,PuebloNuevo,mujeres,33353
2022,15,Ciudad Lineal,153,Quintana,hombres,10748
2022,15,Ciudad Lineal,153,Quintana,mujeres,13435
2022,15,Ciudad Lineal,154,Concepción,hombres,9122
2022,15,Ciudad Lineal,154,Concepción,mujeres,11318
2022,15,Ciudad Lineal,155,SanPascual,hombres,7914
2022,15,Ciudad Lineal,155,SanPascual,mujeres,9632
2022,15,Ciudad Lineal,156,SanJuanBautista,hombres,5731
2022,15,Ciudad Lineal,156,SanJuanBautista,mujeres,6556
2022,15,Ciudad Lineal,157,Colina,hombres,2865
2022,15,Ciudad Lineal,157,Colina,mujeres,3473
2022,15,Ciudad Lineal,158,Atalaya,hombres,696
2022,15,Ciudad Lineal,158,Atalaya,mujeres,911
2022,15,Ciudad Lineal,159,Costillares,hombres,10199
2022,15,Ciudad Lineal,159,Costillares,mujeres,11569
2022,16,Hortaleza,16,Hortaleza,hombres,92532
2022,16,Hortaleza,16,Hortaleza,mujeres,102485
2022,16,Hortaleza,161,Palomas,hombres,3387
2022,16,Hortaleza,161,Palomas,mujeres,3546
2022,16,Hortaleza,162,Piovera,hombres,7160
2022,16,Hortaleza,162,Piovera,mujeres,7788
2022,16,Hortaleza,163,Canillas,hombres,18425
2022,16,Hortaleza,163,Canillas,mujeres,21283
2022,16,Hortaleza,164,PinardelRey,hombres,23784
2022,16,Hortaleza,164,PinardelRey,mujeres,28060
2022,16,Hortaleza,165,ApóstolSantiago,hombres,7343
2022,16,Hortaleza,165,ApóstolSantiago,mujeres,8031
2022,16,Hortaleza,166,Valdefuentes,hombres,32433
2022,16,Hortaleza,166,Valdefuentes,mujeres,33777
2022,17,Villaverde,17,Villaverde,hombres,73598
2022,17,Villaverde,17,Villaverde,mujeres,80231
2022,17,Villaverde,171,"VillaverdeAlto,CascoHistóricodeVillaverde",hombres,22013
2022,17,Villaverde,171,"VillaverdeAlto,CascoHistóricodeVillaverde",mujeres,24143
2022,17,Villaverde,172,SanCristóbal,hombres,8223
2022,17,Villaverde,172,SanCristóbal,mujeres,8417
2022,17,Villaverde,173,Butarque,hombres,10087
2022,17,Villaverde,173,Butarque,mujeres,10726
2022,17,Villaverde,174,LosRosales,hombres,17918
2022,17,Villaverde,174,LosRosales,mujeres,19401
2022,17,Villaverde,175,Ángeles,hombres,15357
2022,17,Villaverde,175,Ángeles,mujeres,17544
2022,18,Villa de Vallecas,18,Villa de Vallecas,hombres,55580
2022,18,Villa de Vallecas,18,Villa de Vallecas,mujeres,59237
2022,18,Villa de Vallecas,181,CascoHistóricodeVallecas,hombres,18971
2022,18,Villa de Vallecas,181,CascoHistóricodeVallecas,mujeres,20607
2022,18,Villa de Vallecas,182,SantaEugenia,hombres,11515
2022,18,Villa de Vallecas,182,SantaEugenia,mujeres,12595
2022,18,Villa de Vallecas,183,EnsanchedeVallecas,hombres,25094
2022,18,Villa de Vallecas,183,EnsanchedeVallecas,mujeres,26035
2022,19,Vicálvaro,19,Vicálvaro,hombres,38437
2022,19,Vicálvaro,19,Vicálvaro,mujeres,40891
2022,19,Vicálvaro,191,CascoHistóricodeVicálvaro,hombres,16925
2022,19,Vicálvaro,191,CascoHistóricodeVicálvaro,mujeres,18161
2022,19,Vicálvaro,192,Valdebernardo,hombres,8321
2022,19,Vicálvaro,192,Valdebernardo,mujeres,9110
2022,19,Vicálvaro,193,Valderrivas,hombres,8666
2022,19,Vicálvaro,193,Valderrivas,mujeres,9201
2022,19,Vicálvaro,194,ElCañaveral,hombres,4525
2022,19,Vicálvaro,194,ElCañaveral,mujeres,4419
2022,20,San Blas-Canillejas,20,San Blas-Canillejas,hombres,75082
2022,20,San Blas-Canillejas,20,San Blas-Canillejas,mujeres,83701
2022,20,San Blas-Canillejas,201,Simancas,hombres,13290
2022,20,San Blas-Canillejas,201,Simancas,mujeres,14881
2022,20,San Blas-Canillejas,202,Hellín,hombres,4271
2022,20,San Blas-Canillejas,202,Hellín,mujeres,5003
2022,20,San Blas-Canillejas,203,Amposta,hombres,4062
2022,20,San Blas-Canillejas,203,Amposta,mujeres,4648
2022,20,San Blas-Canillejas,204,Arcos,hombres,11724
2022,20,San Blas-Canillejas,204,Arcos,mujeres,13236
2022,20,San Blas-Canillejas,205,Rosas,hombres,14840
2022,20,San Blas-Canillejas,205,Rosas,mujeres,16047
2022,20,San Blas-Canillejas,206,Rejas,hombres,8270
2022,20,San Blas-Canillejas,206,Rejas,mujeres,8701
2022,20,San Blas-Canillejas,207,Canillejas,hombres,13318
2022,20,San Blas-Canillejas,207,Canillejas,mujeres,15223
2022,20,San Blas-Canillejas,208,ElSalvador,hombres,5307
2022,20,San Blas-Canillejas,208,ElSalvador,mujeres,5962
2022,21,Barajas,21,Barajas,hombres,23275
2022,21,Barajas,21,Barajas,mujeres,25129
2022,21,Barajas,211,AlamedadeOsuna,hombres,9412
2022,21,Barajas,211,AlamedadeOsuna,mujeres,10250
2022,21,Barajas,212,Aeropuerto,hombres,967
2022,21,Barajas,212,Aeropuerto,mujeres,928
2022,21,Barajas,213,CascoHistóricodeBarajas,hombres,3531
2022,21,Barajas,213,CascoHistóricodeBarajas,mujeres,3820
2022,21,Barajas,214,Timón,hombres,5622
2022,21,Barajas,214,Timón,mujeres,6273
2022,21,Barajas,215,Corralejos,hombres,3743
2022,21,Barajas,215,Corralejos,mujeres,3858
2023,1,Centro,1,Centro,hombres,70770
2023,1,Centro,1,Centro,mujeres,68917
2023,1,Centro,11,Palacio,hombres,11557
2023,1,Centro,11,Palacio,mujeres,11944
2023,1,Centro,12,Embajadores,hombres,24094
2023,1,Centro,12,Embajadores,mujeres,22110
2023,1,Centro,13,Cortes,hombres,5350
2023,1,Centro,13,Cortes,mujeres,5466
2023,1,Centro,14,Justicia,hombres,9261
2023,1,Centro,14,Justicia,mujeres,8958
2023,1,Centro,15,Universidad,hombres,16269
2023,1,Centro,15,Universidad,mujeres,16514
2023,1,Centro,16,Sol,hombres,4239
2023,1,Centro,16,Sol,mujeres,3925
2023,2,Arganzuela,2,Arganzuela,hombres,71754
2023,2,Arganzuela,2,Arganzuela,mujeres,81550
2023,2,Arganzuela,21,Imperial,hombres,10421
2023,2,Arganzuela,21,Imperial,mujeres,11964
2023,2,Arganzuela,22,Acacias,hombres,16616
2023,2,Arganzuela,22,Acacias,mujeres,19453
2023,2,Arganzuela,23,Chopera,hombres,8992
2023,2,Arganzuela,23,Chopera,mujeres,10769
2023,2,Arganzuela,24,Legazpi,hombres,9508
2023,2,Arganzuela,24,Legazpi,mujeres,9960
2023,2,Arganzuela,25,Delicias,hombres,13463
2023,2,Arganzuela,25,Delicias,mujeres,15112
2023,2,Arganzuela,26,PalosdeMoguer,hombres,11797
2023,2,Arganzuela,26,PalosdeMoguer,mujeres,13300
2023,2,Arganzuela,27,Atocha,hombres,957
2023,2,Arganzuela,27,Atocha,mujeres,992
2023,3,Retiro,3,Retiro,hombres,53458
2023,3,Retiro,3,Retiro,mujeres,64460
2023,3,Retiro,31,Pacífico,hombres,14809
2023,3,Retiro,31,Pacífico,mujeres,18218
2023,3,Retiro,32,Adelfas,hombres,8699
2023,3,Retiro,32,Adelfas,mujeres,10133
2023,3,Retiro,33,Estrella,hombres,10393
2023,3,Retiro,33,Estrella,mujeres,12256
2023,3,Retiro,34,Ibiza,hombres,9568
2023,3,Retiro,34,Ibiza,mujeres,11924
2023,3,Retiro,35,LosJerónimos,hombres,3177
2023,3,Retiro,35,LosJerónimos,mujeres,3648
2023,3,Retiro,36,NiñoJesús,hombres,6812
2023,3,Retiro,36,NiñoJesús,mujeres,8281
2023,4,Salamanca,4,Salamanca,hombres,64452
2023,4,Salamanca,4,Salamanca,mujeres,81250
2023,4,Salamanca,41,Recoletos,hombres,6966
2023,4,Salamanca,41,Recoletos,mujeres,8478
2023,4,Salamanca,42,Goya,hombres,12872
2023,4,Salamanca,42,Goya,mujeres,16605
2023,4,Salamanca,43,FuentedelBerro,hombres,9129
2023,4,Salamanca,43,FuentedelBerro,mujeres,11800
2023,4,Salamanca,44,Guindalera,hombres,19006
2023,4,Salamanca,44,Guindalera,mujeres,22958
2023,4,Salamanca,45,Lista,hombres,9056
2023,4,Salamanca,45,Lista,mujeres,11913
2023,4,Salamanca,46,Castellana,hombres,7423
2023,4,Salamanca,46,Castellana,mujeres,9496
2023,5,Chamartín,5,Chamartín,hombres,65245
2023,5,Chamartín,5,Chamartín,mujeres,79551
2023,5,Chamartín,51,ElViso,hombres,7810
2023,5,Chamartín,51,ElViso,mujeres,9464
2023,5,Chamartín,52,Prosperidad,hombres,16072
2023,5,Chamartín,52,Prosperidad,mujeres,19955
2023,5,Chamartín,53,CiudadJardín,hombres,8234
2023,5,Chamartín,53,CiudadJardín,mujeres,10279
2023,5,Chamartín,54,Hispanoamérica,hombres,14159
2023,5,Chamartín,54,Hispanoamérica,mujeres,17311
2023,5,Chamartín,55,NuevaEspaña,hombres,11050
2023,5,Chamartín,55,NuevaEspaña,mujeres,13416
2023,5,Chamartín,56,Castilla,hombres,7920
2023,5,Chamartín,56,Castilla,mujeres,9126
2023,6,Tetuán,6,Tetuán,hombres,72938
2023,6,Tetuán,6,Tetuán,mujeres,87064
2023,6,Tetuán,61,BellasVistas,hombres,13428
2023,6,Tetuán,61,BellasVistas,mujeres,15927
2023,6,Tetuán,62,CuatroCaminos,hombres,15537
2023,6,Tetuán,62,CuatroCaminos,mujeres,19216
2023,6,Tetuán,63,Castillejos,hombres,9239
2023,6,Tetuán,63,Castillejos,mujeres,11331
2023,6,Tetuán,64,Almenara,hombres,10688
2023,6,Tetuán,64,Almenara,mujeres,12369
2023,6,Tetuán,65,Valdeacederas,hombres,12442
2023,6,Tetuán,65,Valdeacederas,mujeres,14131
2023,6,Tetuán,66,Berruguete,hombres,11604
2023,6,Tetuán,66,Berruguete,mujeres,14090
2023,7,Chamberí,7,Chamberí,hombres,61149
2023,7,Chamberí,7,Chamberí,mujeres,77055
2023,7,Chamberí,71,Gaztambide,hombres,10157
2023,7,Chamberí,71,Gaztambide,mujeres,12802
2023,7,Chamberí,72,Arapiles,hombres,10831
2023,7,Chamberí,72,Arapiles,mujeres,13359
2023,7,Chamberí,73,Trafalgar,hombres,11147
2023,7,Chamberí,73,Trafalgar,mujeres,13474
2023,7,Chamberí,74,Almagro,hombres,8567
2023,7,Chamberí,74,Almagro,mujeres,10851
2023,7,Chamberí,75,RíosRosas,hombres,11828
2023,7,Chamberí,75,RíosRosas,mujeres,15335
2023,7,Chamberí,76,Vallehermoso,hombres,8619
2023,7,Chamberí,76,Vallehermoso,mujeres,11234
2023,8,Fuencarral-El Pardo,8,Fuencarral-El Pardo,hombres,116944
2023,8,Fuencarral-El Pardo,8,Fuencarral-El Pardo,mujeres,131499
2023,8,Fuencarral-El Pardo,81,ElPardo,hombres,1716
2023,8,Fuencarral-El Pardo,81,ElPardo,mujeres,1705
2023,8,Fuencarral-El Pardo,82,Fuentelarreina,hombres,1559
2023,8,Fuencarral-El Pardo,82,Fuentelarreina,mujeres,1851
2023,8,Fuencarral-El Pardo,83,Peñagrande,hombres,20597
2023,8,Fuencarral-El Pardo,83,Peñagrande,mujeres,23744
2023,8,Fuencarral-El Pardo,84,Pilar,hombres,20720
2023,8,Fuencarral-El Pardo,84,Pilar,mujeres,24890
2023,8,Fuencarral-El Pardo,85,LaPaz,hombres,14964
2023,8,Fuencarral-El Pardo,85,LaPaz,mujeres,17228
2023,8,Fuencarral-El Pardo,86,Valverde,hombres,30851
2023,8,Fuencarral-El Pardo,86,Valverde,mujeres,33906
2023,8,Fuencarral-El Pardo,87,Mirasierra,hombres,17160
2023,8,Fuencarral-El Pardo,87,Mirasierra,mujeres,18516
2023,8,Fuencarral-El Pardo,88,ElGoloso,hombres,9377
2023,8,Fuencarral-El Pardo,88,ElGoloso,mujeres,9659
2023,9,Moncloa-Aravaca,9,Moncloa-Aravaca,hombres,56357
2023,9,Moncloa-Aravaca,9,Moncloa-Aravaca,mujeres,65400
2023,9,Moncloa-Aravaca,91,CasadeCampo,hombres,5958
2023,9,Moncloa-Aravaca,91,CasadeCampo,mujeres,6809
2023,9,Moncloa-Aravaca,92,Argüelles,hombres,11207
2023,9,Moncloa-Aravaca,92,Argüelles,mujeres,13290
2023,9,Moncloa-Aravaca,93,CiudadUniversitaria,hombres,7603
2023,9,Moncloa-Aravaca,93,CiudadUniversitaria,mujeres,8761
2023,9,Moncloa-Aravaca,94,Valdezarza,hombres,14001
2023,9,Moncloa-Aravaca,94,Valdezarza,mujeres,16483
2023,9,Moncloa-Aravaca,95,Valdemarín,hombres,3339
2023,9,Moncloa-Aravaca,95,Valdemarín,mujeres,3817
2023,9,Moncloa-Aravaca,96,ElPlantío,hombres,1413
2023,9,Moncloa-Aravaca,96,ElPlantío,mujeres,1631
2023,9,Moncloa-Aravaca,97,Aravaca,hombres,12836
2023,9,Moncloa-Aravaca,97,Aravaca,mujeres,14609
2023,10,Latina,10,Latina,hombres,112093
2023,10,Latina,10,Latina,mujeres,129579
2023,10,Latina,101,LosCármenes,hombres,8484
2023,10,Latina,101,LosCármenes,mujeres,9419
2023,10,Latina,102,PuertadelÁngel,hombres,20165
2023,10,Latina,102,PuertadelÁngel,mujeres,23127
2023,10,Latina,103,Lucero,hombres,17156
2023,10,Latina,103,Lucero,mujeres,19593
2023,10,Latina,104,Aluche,hombres,30384
2023,10,Latina,104,Aluche,mujeres,36204
2023,10,Latina,105,Campamento,hombres,9111
2023,10,Latina,105,Campamento,mujeres,10639
2023,10,Latina,106,CuatroVientos,hombres,3068
2023,10,Latina,106,CuatroVientos,mujeres,3054
2023,10,Latina,107,Águilas,hombres,23725
2023,10,Latina,107,Águilas,mujeres,27543
2023,11,Carabanchel,11,Carabanchel,hombres,122632
2023,11,Carabanchel,11,Carabanchel,mujeres,139707
2023,11,Carabanchel,111,Comillas,hombres,10491
2023,11,Carabanchel,111,Comillas,mujeres,12230
2023,11,Carabanchel,112,Opañel,hombres,15556
2023,11,Carabanchel,112,Opañel,mujeres,18327
2023,11,Carabanchel,113,SanIsidro,hombres,18969
2023,11,Carabanchel,113,SanIsidro,mujeres,21399
2023,11,Carabanchel,114,VistaAlegre,hombres,21823
2023,11,Carabanchel,114,VistaAlegre,mujeres,25904
2023,11,Carabanchel,115,PuertaBonita,hombres,17349
2023,11,Carabanchel,115,PuertaBonita,mujeres,19449
2023,11,Carabanchel,116,Buenavista,hombres,23733
2023,11,Carabanchel,116,Buenavista,mujeres,25418
2023,11,Carabanchel,117,Abrantes,hombres,14711
2023,11,Carabanchel,117,Abrantes,mujeres,16980
2023,12,Usera,12,Usera,hombres,67538
2023,12,Usera,12,Usera,mujeres,75208
2023,12,Usera,121,Orcasitas,hombres,10900
2023,12,Usera,121,Orcasitas,mujeres,12185
2023,12,Usera,122,Orcasur,hombres,6987
2023,12,Usera,122,Orcasur,mujeres,7403
2023,12,Usera,123,SanFermín,hombres,11246
2023,12,Usera,123,SanFermín,mujeres,12352
2023,12,Usera,124,Almendrales,hombres,10755
2023,12,Usera,124,Almendrales,mujeres,12079
2023,12,Usera,125,Moscardó,hombres,12531
2023,12,Usera,125,Moscardó,mujeres,14048
2023,12,Usera,126,Zofío,hombres,6681
2023,12,Usera,126,Zofío,mujeres,7701
2023,12,Usera,127,Pradolongo,hombres,8438
2023,12,Usera,127,Pradolongo,mujeres,9440
2023,13,Puente de Vallecas,13,Puente de Vallecas,hombres,114542
2023,13,Puente de Vallecas,13,Puente de Vallecas,mujeres,127061
2023,13,Puente de Vallecas,131,Entrevías,hombres,16976
2023,13,Puente de Vallecas,131,Entrevías,mujeres,18423
2023,13,Puente de Vallecas,132,SanDiego,hombres,21593
2023,13,Puente de Vallecas,132,SanDiego,mujeres,23511
2023,13,Puente de Vallecas,133,PalomerasBajas,hombres,18947
2023,13,Puente de Vallecas,133,PalomerasBajas,mujeres,21530
2023,13,Puente de Vallecas,134,PalomerasSureste,hombres,20491
2023,13,Puente de Vallecas,134,PalomerasSureste,mujeres,22671
2023,13,Puente de Vallecas,135,Portazgo,hombres,13471
2023,13,Puente de Vallecas,135,Portazgo,mujeres,15270
2023,13,Puente de Vallecas,136,Numancia,hombres,23064
2023,13,Puente de Vallecas,136,Numancia,mujeres,25656
2023,14,Moratalaz,14,Moratalaz,hombres,42212
2023,14,Moratalaz,14,Moratalaz,mujeres,50602
2023,14,Moratalaz,141,Pavones,hombres,4035
2023,14,Moratalaz,141,Pavones,mujeres,4779
2023,14,Moratalaz,142,Horcajo,hombres,3029
2023,14,Moratalaz,142,Horcajo,mujeres,3310
2023,14,Moratalaz,143,Marroquina,hombres,11962
2023,14,Moratalaz,143,Marroquina,mujeres,14158
2023,14,Moratalaz,144,MediaLegua,hombres,7828
2023,14,Moratalaz,144,MediaLegua,mujeres,9495
2023,14,Moratalaz,145,Fontarrón,hombres,7876
2023,14,Moratalaz,145,Fontarrón,mujeres,9457
2023,14,Moratalaz,146,Vinateros,hombres,7482
2023,14,Moratalaz,146,Vinateros,mujeres,9403
2023,15,Ciudad Lineal,15,Ciudad Lineal,hombres,100759
2023,15,Ciudad Lineal,15,Ciudad Lineal,mujeres,119586
2023,15,Ciudad Lineal,151,Ventas,hombres,22868
2023,15,Ciudad Lineal,151,Ventas,mujeres,27350
2023,15,Ciudad Lineal,152,PuebloNuevo,hombres,28982
2023,15,Ciudad Lineal,152,PuebloNuevo,mujeres,33858
2023,15,Ciudad Lineal,153,Quintana,hombres,11449
2023,15,Ciudad Lineal,153,Quintana,mujeres,14020
2023,15,Ciudad Lineal,154,Concepción,hombres,9402
2023,15,Ciudad Lineal,154,Concepción,mujeres,11539
2023,15,Ciudad Lineal,155,SanPascual,hombres,8349
2023,15,Ciudad Lineal,155,SanPascual,mujeres,9978
2023,15,Ciudad Lineal,156,SanJuanBautista,hombres,5813
2023,15,Ciudad Lineal,156,SanJuanBautista,mujeres,6632
2023,15,Ciudad Lineal,157,Colina,hombres,2973
2023,15,Ciudad Lineal,157,Colina,mujeres,3596
2023,15,Ciudad Lineal,158,Atalaya,hombres,691
2023,15,Ciudad Lineal,158,Atalaya,mujeres,931
2023,15,Ciudad Lineal,159,Costillares,hombres,10232
2023,15,Ciudad Lineal,159,Costillares,mujeres,11682
2023,16,Hortaleza,16,Hortaleza,hombres,94100
2023,16,Hortaleza,16,Hortaleza,mujeres,104291
2023,16,Hortaleza,161,Palomas,hombres,3404
2023,16,Hortaleza,161,Palomas,mujeres,3518
2023,16,Hortaleza,162,Piovera,hombres,7211
2023,16,Hortaleza,162,Piovera,mujeres,7830
2023,16,Hortaleza,163,Canillas,hombres,18485
2023,16,Hortaleza,163,Canillas,mujeres,21301
2023,16,Hortaleza,164,PinardelRey,hombres,23825
2023,16,Hortaleza,164,PinardelRey,mujeres,28206
2023,16,Hortaleza,165,ApóstolSantiago,hombres,7344
2023,16,Hortaleza,165,ApóstolSantiago,mujeres,8091
2023,16,Hortaleza,166,Valdefuentes,hombres,33831
2023,16,Hortaleza,166,Valdefuentes,mujeres,35345
2023,17,Villaverde,17,Villaverde,hombres,76131
2023,17,Villaverde,17,Villaverde,mujeres,82907
2023,17,Villaverde,171,"VillaverdeAlto,CascoHistóricodeVillaverde",hombres,22826
2023,17,Villaverde,171,"VillaverdeAlto,CascoHistóricodeVillaverde",mujeres,24991
2023,17,Villaverde,172,SanCristóbal,hombres,8586
2023,17,Villaverde,172,SanCristóbal,mujeres,8684
2023,17,Villaverde,173,Butarque,hombres,10306
2023,17,Villaverde,173,Butarque,mujeres,11010
2023,17,Villaverde,174,LosRosales,hombres,18121
2023,17,Villaverde,174,LosRosales,mujeres,19687
2023,17,Villaverde,175,Ángeles,hombres,16292
2023,17,Villaverde,175,Ángeles,mujeres,18535
2023,18,Villa de Vallecas,18,Villa de Vallecas,hombres,56726
2023,18,Villa de Vallecas,18,Villa de Vallecas,mujeres,60775
2023,18,Villa de Vallecas,181,CascoHistóricodeVallecas,hombres,19413
2023,18,Villa de Vallecas,181,CascoHistóricodeVallecas,mujeres,21004
2023,18,Villa de Vallecas,182,SantaEugenia,hombres,11381
2023,18,Villa de Vallecas,182,SantaEugenia,mujeres,12495
2023,18,Villa de Vallecas,183,EnsanchedeVallecas,hombres,25932
2023,18,Villa de Vallecas,183,EnsanchedeVallecas,mujeres,27276
2023,19,Vicálvaro,19,Vicálvaro,hombres,40580
2023,19,Vicálvaro,19,Vicálvaro,mujeres,43224
2023,19,Vicálvaro,191,CascoHistóricodeVicálvaro,hombres,17009
2023,19,Vicálvaro,191,CascoHistóricodeVicálvaro,mujeres,18510
2023,19,Vicálvaro,192,Valdebernardo,hombres,8330
2023,19,Vicálvaro,192,Valdebernardo,mujeres,9141
2023,19,Vicálvaro,193,Valderrivas,hombres,8589
2023,19,Vicálvaro,193,Valderrivas,mujeres,9171
2023,19,Vicálvaro,194,ElCañaveral,hombres,6652
2023,19,Vicálvaro,194,ElCañaveral,mujeres,6402
2023,20,San Blas-Canillejas,20,San Blas-Canillejas,hombres,76154
2023,20,San Blas-Canillejas,20,San Blas-Canillejas,mujeres,85065
2023,20,San Blas-Canillejas,201,Simancas,hombres,13560
2023,20,San Blas-Canillejas,201,Simancas,mujeres,15205
2023,20,San Blas-Canillejas,202,Hellín,hombres,4375
2023,20,San Blas-Canillejas,202,Hellín,mujeres,5180
2023,20,San Blas-Canillejas,203,Amposta,hombres,4258
2023,20,San Blas-Canillejas,203,Amposta,mujeres,4868
2023,20,San Blas-Canillejas,204,Arcos,hombres,11932
2023,20,San Blas-Canillejas,204,Arcos,mujeres,13422
2023,20,San Blas-Canillejas,205,Rosas,hombres,14727
2023,20,San Blas-Canillejas,205,Rosas,mujeres,16024
2023,20,San Blas-Canillejas,206,Rejas,hombres,8495
2023,20,San Blas-Canillejas,206,Rejas,mujeres,8904
2023,20,San Blas-Canillejas,207,Canillejas,hombres,13528
2023,20,San Blas-Canillejas,207,Canillejas,mujeres,15539
2023,20,San Blas-Canillejas,208,ElSalvador,hombres,5279
2023,20,San Blas-Canillejas,208,ElSalvador,mujeres,5923
2023,21,Barajas,21,Barajas,hombres,23332
2023,21,Barajas,21,Barajas,mujeres,25314
2023,21,Barajas,211,AlamedadeOsuna,hombres,9397
2023,21,Barajas,211,AlamedadeOsuna,mujeres,10288
2023,21,Barajas,212,Aeropuerto,hombres,965
2023,21,Barajas,212,Aeropuerto,mujeres,937
2023,21,Barajas,213,CascoHistóricodeBarajas,hombres,3519
2023,21,Barajas,213,CascoHistóricodeBarajas,mujeres,3865
2023,21,Barajas,214,Timón,hombres,5702
2023,21,Barajas,214,Timón,mujeres,6347
2023,21,Barajas,215,Corralejos,hombres,3749
2023,21,Barajas,215,Corralejos,mujeres,3877